operation date;value date;concept;amount;balance
1/1/2011;2/1/2011;Moc concept;0;51
2/1/2011;3/1/2011;Moc concept;-2;52
3/1/2011;4/1/2011;Moc concept;-3;53
4/1/2011;5/1/2011;Moc concept;-4;54
5/1/2011;6/1/2011;Moc concept;-5;55
6/1/2011;7/1/2011;Moc concept;-6;56
7/1/2011;8/1/2011;Moc concept;-7;57
8/1/2011;9/1/2011;Moc concept;-8;58
9/1/2011;10/1/2011;Moc concept;-9;59
10/1/2011;11/1/2011;Moc concept;-10;60
11/1/2011;12/1/2011;Moc concept;-11;61
12/1/2011;13/1/2011;Moc concept;-12;62
13/1/2011;14/1/2011;Moc concept;-13;63
14/1/2011;15/1/2011;Moc concept;-14;64
15/1/2011;16/1/2011;Moc concept;-15;65
16/1/2011;17/1/2011;Moc concept;-16;66
17/1/2011;18/1/2011;Moc concept;-17;67
18/1/2011;19/1/2011;Moc concept;-18;68
19/1/2011;20/1/2011;Moc concept;-19;69
1/2/2011;2/2/2011;Moc concept;2;52
2/2/2011;3/2/2011;Moc concept;0;54
3/2/2011;4/2/2011;Moc concept;-6;56
4/2/2011;5/2/2011;Moc concept;-8;58
5/2/2011;6/2/2011;Moc concept;-10;60
6/2/2011;7/2/2011;Moc concept;-12;62
7/2/2011;8/2/2011;Moc concept;-14;64
8/2/2011;9/2/2011;Moc concept;-16;66
9/2/2011;10/2/2011;Moc concept;-18;68
10/2/2011;11/2/2011;Moc concept;-20;70
11/2/2011;12/2/2011;Moc concept;-22;72
12/2/2011;13/2/2011;Moc concept;-24;74
13/2/2011;14/2/2011;Moc concept;-26;76
14/2/2011;15/2/2011;Moc concept;-28;78
15/2/2011;16/2/2011;Moc concept;-30;80
16/2/2011;17/2/2011;Moc concept;-32;82
17/2/2011;18/2/2011;Moc concept;-34;84
18/2/2011;19/2/2011;Moc concept;-36;86
19/2/2011;20/2/2011;Moc concept;-38;88
1/3/2011;2/3/2011;Moc concept;3;53
2/3/2011;3/3/2011;Moc concept;6;56
3/3/2011;4/3/2011;Moc concept;0;59
4/3/2011;5/3/2011;Moc concept;-12;62
5/3/2011;6/3/2011;Moc concept;-15;65
6/3/2011;7/3/2011;Moc concept;-18;68
7/3/2011;8/3/2011;Moc concept;-21;71
8/3/2011;9/3/2011;Moc concept;-24;74
9/3/2011;10/3/2011;Moc concept;-27;77
10/3/2011;11/3/2011;Moc concept;-30;80
11/3/2011;12/3/2011;Moc concept;-33;83
12/3/2011;13/3/2011;Moc concept;-36;86
13/3/2011;14/3/2011;Moc concept;-39;89
14/3/2011;15/3/2011;Moc concept;-42;92
15/3/2011;16/3/2011;Moc concept;-45;95
16/3/2011;17/3/2011;Moc concept;-48;98
17/3/2011;18/3/2011;Moc concept;-51;101
18/3/2011;19/3/2011;Moc concept;-54;104
19/3/2011;20/3/2011;Moc concept;-57;107
1/4/2011;2/4/2011;Moc concept;4;54
2/4/2011;3/4/2011;Moc concept;8;58
3/4/2011;4/4/2011;Moc concept;12;62
4/4/2011;5/4/2011;Moc concept;0;66
5/4/2011;6/4/2011;Moc concept;-20;70
6/4/2011;7/4/2011;Moc concept;-24;74
7/4/2011;8/4/2011;Moc concept;-28;78
8/4/2011;9/4/2011;Moc concept;-32;82
9/4/2011;10/4/2011;Moc concept;-36;86
10/4/2011;11/4/2011;Moc concept;-40;90
11/4/2011;12/4/2011;Moc concept;-44;94
12/4/2011;13/4/2011;Moc concept;-48;98
13/4/2011;14/4/2011;Moc concept;-52;102
14/4/2011;15/4/2011;Moc concept;-56;106
15/4/2011;16/4/2011;Moc concept;-60;110
16/4/2011;17/4/2011;Moc concept;-64;114
17/4/2011;18/4/2011;Moc concept;-68;118
18/4/2011;19/4/2011;Moc concept;-72;122
19/4/2011;20/4/2011;Moc concept;-76;126
1/5/2011;2/5/2011;Moc concept;5;55
2/5/2011;3/5/2011;Moc concept;10;60
3/5/2011;4/5/2011;Moc concept;15;65
4/5/2011;5/5/2011;Moc concept;20;70
5/5/2011;6/5/2011;Moc concept;0;75
6/5/2011;7/5/2011;Moc concept;-30;80
7/5/2011;8/5/2011;Moc concept;-35;85
8/5/2011;9/5/2011;Moc concept;-40;90
9/5/2011;10/5/2011;Moc concept;-45;95
10/5/2011;11/5/2011;Moc concept;-50;100
11/5/2011;12/5/2011;Moc concept;-55;105
12/5/2011;13/5/2011;Moc concept;-60;110
13/5/2011;14/5/2011;Moc concept;-65;115
14/5/2011;15/5/2011;Moc concept;-70;120
15/5/2011;16/5/2011;Moc concept;-75;125
16/5/2011;17/5/2011;Moc concept;-80;130
17/5/2011;18/5/2011;Moc concept;-85;135
18/5/2011;19/5/2011;Moc concept;-90;140
19/5/2011;20/5/2011;Moc concept;-95;145
1/6/2011;2/6/2011;Moc concept;6;56
2/6/2011;3/6/2011;Moc concept;12;62
3/6/2011;4/6/2011;Moc concept;18;68
4/6/2011;5/6/2011;Moc concept;24;74
5/6/2011;6/6/2011;Moc concept;30;80
6/6/2011;7/6/2011;Moc concept;0;86
7/6/2011;8/6/2011;Moc concept;-42;92
8/6/2011;9/6/2011;Moc concept;-48;98
9/6/2011;10/6/2011;Moc concept;-54;104
10/6/2011;11/6/2011;Moc concept;-60;110
11/6/2011;12/6/2011;Moc concept;-66;116
12/6/2011;13/6/2011;Moc concept;-72;122
13/6/2011;14/6/2011;Moc concept;-78;128
14/6/2011;15/6/2011;Moc concept;-84;134
15/6/2011;16/6/2011;Moc concept;-90;140
16/6/2011;17/6/2011;Moc concept;-96;146
17/6/2011;18/6/2011;Moc concept;-102;152
18/6/2011;19/6/2011;Moc concept;-108;158
19/6/2011;20/6/2011;Moc concept;-114;164
1/7/2011;2/7/2011;Moc concept;7;57
2/7/2011;3/7/2011;Moc concept;14;64
3/7/2011;4/7/2011;Moc concept;21;71
4/7/2011;5/7/2011;Moc concept;28;78
5/7/2011;6/7/2011;Moc concept;35;85
6/7/2011;7/7/2011;Moc concept;42;92
7/7/2011;8/7/2011;Moc concept;0;99
8/7/2011;9/7/2011;Moc concept;-56;106
9/7/2011;10/7/2011;Moc concept;-63;113
10/7/2011;11/7/2011;Moc concept;-70;120
11/7/2011;12/7/2011;Moc concept;-77;127
12/7/2011;13/7/2011;Moc concept;-84;134
13/7/2011;14/7/2011;Moc concept;-91;141
14/7/2011;15/7/2011;Moc concept;-98;148
15/7/2011;16/7/2011;Moc concept;-105;155
16/7/2011;17/7/2011;Moc concept;-112;162
17/7/2011;18/7/2011;Moc concept;-119;169
18/7/2011;19/7/2011;Moc concept;-126;176
19/7/2011;20/7/2011;Moc concept;-133;183
1/8/2011;2/8/2011;Moc concept;8;58
2/8/2011;3/8/2011;Moc concept;16;66
3/8/2011;4/8/2011;Moc concept;24;74
4/8/2011;5/8/2011;Moc concept;32;82
5/8/2011;6/8/2011;Moc concept;40;90
6/8/2011;7/8/2011;Moc concept;48;98
7/8/2011;8/8/2011;Moc concept;56;106
8/8/2011;9/8/2011;Moc concept;0;114
9/8/2011;10/8/2011;Moc concept;-72;122
10/8/2011;11/8/2011;Moc concept;-80;130
11/8/2011;12/8/2011;Moc concept;-88;138
12/8/2011;13/8/2011;Moc concept;-96;146
13/8/2011;14/8/2011;Moc concept;-104;154
14/8/2011;15/8/2011;Moc concept;-112;162
15/8/2011;16/8/2011;Moc concept;-120;170
16/8/2011;17/8/2011;Moc concept;-128;178
17/8/2011;18/8/2011;Moc concept;-136;186
18/8/2011;19/8/2011;Moc concept;-144;194
19/8/2011;20/8/2011;Moc concept;-152;202
1/9/2011;2/9/2011;Moc concept;9;59
2/9/2011;3/9/2011;Moc concept;18;68
3/9/2011;4/9/2011;Moc concept;27;77
4/9/2011;5/9/2011;Moc concept;36;86
5/9/2011;6/9/2011;Moc concept;45;95
6/9/2011;7/9/2011;Moc concept;54;104
7/9/2011;8/9/2011;Moc concept;63;113
8/9/2011;9/9/2011;Moc concept;72;122
9/9/2011;10/9/2011;Moc concept;0;131
10/9/2011;11/9/2011;Moc concept;-90;140
11/9/2011;12/9/2011;Moc concept;-99;149
12/9/2011;13/9/2011;Moc concept;-108;158
13/9/2011;14/9/2011;Moc concept;-117;167
14/9/2011;15/9/2011;Moc concept;-126;176
15/9/2011;16/9/2011;Moc concept;-135;185
16/9/2011;17/9/2011;Moc concept;-144;194
17/9/2011;18/9/2011;Moc concept;-153;203
18/9/2011;19/9/2011;Moc concept;-162;212
19/9/2011;20/9/2011;Moc concept;-171;221
1/10/2011;2/10/2011;Moc concept;10;60
2/10/2011;3/10/2011;Moc concept;20;70
3/10/2011;4/10/2011;Moc concept;30;80
4/10/2011;5/10/2011;Moc concept;40;90
5/10/2011;6/10/2011;Moc concept;50;100
6/10/2011;7/10/2011;Moc concept;60;110
7/10/2011;8/10/2011;Moc concept;70;120
8/10/2011;9/10/2011;Moc concept;80;130
9/10/2011;10/10/2011;Moc concept;90;140
10/10/2011;11/10/2011;Moc concept;0;150
11/10/2011;12/10/2011;Moc concept;-110;160
12/10/2011;13/10/2011;Moc concept;-120;170
13/10/2011;14/10/2011;Moc concept;-130;180
14/10/2011;15/10/2011;Moc concept;-140;190
15/10/2011;16/10/2011;Moc concept;-150;200
16/10/2011;17/10/2011;Moc concept;-160;210
17/10/2011;18/10/2011;Moc concept;-170;220
18/10/2011;19/10/2011;Moc concept;-180;230
19/10/2011;20/10/2011;Moc concept;-190;240
1/11/2011;2/11/2011;Moc concept;11;61
2/11/2011;3/11/2011;Moc concept;22;72
3/11/2011;4/11/2011;Moc concept;33;83
4/11/2011;5/11/2011;Moc concept;44;94
5/11/2011;6/11/2011;Moc concept;55;105
6/11/2011;7/11/2011;Moc concept;66;116
7/11/2011;8/11/2011;Moc concept;77;127
8/11/2011;9/11/2011;Moc concept;88;138
9/11/2011;10/11/2011;Moc concept;99;149
10/11/2011;11/11/2011;Moc concept;110;160
11/11/2011;12/11/2011;Moc concept;0;171
12/11/2011;13/11/2011;Moc concept;-132;182
13/11/2011;14/11/2011;Moc concept;-143;193
14/11/2011;15/11/2011;Moc concept;-154;204
15/11/2011;16/11/2011;Moc concept;-165;215
16/11/2011;17/11/2011;Moc concept;-176;226
17/11/2011;18/11/2011;Moc concept;-187;237
18/11/2011;19/11/2011;Moc concept;-198;248
19/11/2011;20/11/2011;Moc concept;-209;259
1/1/2012;2/1/2012;Moc concept;0;52
2/1/2012;3/1/2012;Moc concept;-4;54
3/1/2012;4/1/2012;Moc concept;-6;56
4/1/2012;5/1/2012;Moc concept;-8;58
5/1/2012;6/1/2012;Moc concept;-10;60
6/1/2012;7/1/2012;Moc concept;-12;62
7/1/2012;8/1/2012;Moc concept;-14;64
8/1/2012;9/1/2012;Moc concept;-16;66
9/1/2012;10/1/2012;Moc concept;-18;68
10/1/2012;11/1/2012;Moc concept;-20;70
11/1/2012;12/1/2012;Moc concept;-22;72
12/1/2012;13/1/2012;Moc concept;-24;74
13/1/2012;14/1/2012;Moc concept;-26;76
14/1/2012;15/1/2012;Moc concept;-28;78
15/1/2012;16/1/2012;Moc concept;-30;80
16/1/2012;17/1/2012;Moc concept;-32;82
17/1/2012;18/1/2012;Moc concept;-34;84
18/1/2012;19/1/2012;Moc concept;-36;86
19/1/2012;20/1/2012;Moc concept;-38;88
1/2/2012;2/2/2012;Moc concept;4;54
2/2/2012;3/2/2012;Moc concept;0;58
3/2/2012;4/2/2012;Moc concept;-12;62
4/2/2012;5/2/2012;Moc concept;-16;66
5/2/2012;6/2/2012;Moc concept;-20;70
6/2/2012;7/2/2012;Moc concept;-24;74
7/2/2012;8/2/2012;Moc concept;-28;78
8/2/2012;9/2/2012;Moc concept;-32;82
9/2/2012;10/2/2012;Moc concept;-36;86
10/2/2012;11/2/2012;Moc concept;-40;90
11/2/2012;12/2/2012;Moc concept;-44;94
12/2/2012;13/2/2012;Moc concept;-48;98
13/2/2012;14/2/2012;Moc concept;-52;102
14/2/2012;15/2/2012;Moc concept;-56;106
15/2/2012;16/2/2012;Moc concept;-60;110
16/2/2012;17/2/2012;Moc concept;-64;114
17/2/2012;18/2/2012;Moc concept;-68;118
18/2/2012;19/2/2012;Moc concept;-72;122
19/2/2012;20/2/2012;Moc concept;-76;126
1/3/2012;2/3/2012;Moc concept;6;56
2/3/2012;3/3/2012;Moc concept;12;62
3/3/2012;4/3/2012;Moc concept;0;68
4/3/2012;5/3/2012;Moc concept;-24;74
5/3/2012;6/3/2012;Moc concept;-30;80
6/3/2012;7/3/2012;Moc concept;-36;86
7/3/2012;8/3/2012;Moc concept;-42;92
8/3/2012;9/3/2012;Moc concept;-48;98
9/3/2012;10/3/2012;Moc concept;-54;104
10/3/2012;11/3/2012;Moc concept;-60;110
11/3/2012;12/3/2012;Moc concept;-66;116
12/3/2012;13/3/2012;Moc concept;-72;122
13/3/2012;14/3/2012;Moc concept;-78;128
14/3/2012;15/3/2012;Moc concept;-84;134
15/3/2012;16/3/2012;Moc concept;-90;140
16/3/2012;17/3/2012;Moc concept;-96;146
17/3/2012;18/3/2012;Moc concept;-102;152
18/3/2012;19/3/2012;Moc concept;-108;158
19/3/2012;20/3/2012;Moc concept;-114;164
1/4/2012;2/4/2012;Moc concept;8;58
2/4/2012;3/4/2012;Moc concept;16;66
3/4/2012;4/4/2012;Moc concept;24;74
4/4/2012;5/4/2012;Moc concept;0;82
5/4/2012;6/4/2012;Moc concept;-40;90
6/4/2012;7/4/2012;Moc concept;-48;98
7/4/2012;8/4/2012;Moc concept;-56;106
8/4/2012;9/4/2012;Moc concept;-64;114
9/4/2012;10/4/2012;Moc concept;-72;122
10/4/2012;11/4/2012;Moc concept;-80;130
11/4/2012;12/4/2012;Moc concept;-88;138
12/4/2012;13/4/2012;Moc concept;-96;146
13/4/2012;14/4/2012;Moc concept;-104;154
14/4/2012;15/4/2012;Moc concept;-112;162
15/4/2012;16/4/2012;Moc concept;-120;170
16/4/2012;17/4/2012;Moc concept;-128;178
17/4/2012;18/4/2012;Moc concept;-136;186
18/4/2012;19/4/2012;Moc concept;-144;194
19/4/2012;20/4/2012;Moc concept;-152;202
1/5/2012;2/5/2012;Moc concept;10;60
2/5/2012;3/5/2012;Moc concept;20;70
3/5/2012;4/5/2012;Moc concept;30;80
4/5/2012;5/5/2012;Moc concept;40;90
5/5/2012;6/5/2012;Moc concept;0;100
6/5/2012;7/5/2012;Moc concept;-60;110
7/5/2012;8/5/2012;Moc concept;-70;120
8/5/2012;9/5/2012;Moc concept;-80;130
9/5/2012;10/5/2012;Moc concept;-90;140
10/5/2012;11/5/2012;Moc concept;-100;150
11/5/2012;12/5/2012;Moc concept;-110;160
12/5/2012;13/5/2012;Moc concept;-120;170
13/5/2012;14/5/2012;Moc concept;-130;180
14/5/2012;15/5/2012;Moc concept;-140;190
15/5/2012;16/5/2012;Moc concept;-150;200
16/5/2012;17/5/2012;Moc concept;-160;210
17/5/2012;18/5/2012;Moc concept;-170;220
18/5/2012;19/5/2012;Moc concept;-180;230
19/5/2012;20/5/2012;Moc concept;-190;240
1/6/2012;2/6/2012;Moc concept;12;62
2/6/2012;3/6/2012;Moc concept;24;74
3/6/2012;4/6/2012;Moc concept;36;86
4/6/2012;5/6/2012;Moc concept;48;98
5/6/2012;6/6/2012;Moc concept;60;110
6/6/2012;7/6/2012;Moc concept;0;122
7/6/2012;8/6/2012;Moc concept;-84;134
8/6/2012;9/6/2012;Moc concept;-96;146
9/6/2012;10/6/2012;Moc concept;-108;158
10/6/2012;11/6/2012;Moc concept;-120;170
11/6/2012;12/6/2012;Moc concept;-132;182
12/6/2012;13/6/2012;Moc concept;-144;194
13/6/2012;14/6/2012;Moc concept;-156;206
14/6/2012;15/6/2012;Moc concept;-168;218
15/6/2012;16/6/2012;Moc concept;-180;230
16/6/2012;17/6/2012;Moc concept;-192;242
17/6/2012;18/6/2012;Moc concept;-204;254
18/6/2012;19/6/2012;Moc concept;-216;266
19/6/2012;20/6/2012;Moc concept;-228;278
1/7/2012;2/7/2012;Moc concept;14;64
2/7/2012;3/7/2012;Moc concept;28;78
3/7/2012;4/7/2012;Moc concept;42;92
4/7/2012;5/7/2012;Moc concept;56;106
5/7/2012;6/7/2012;Moc concept;70;120
6/7/2012;7/7/2012;Moc concept;84;134
7/7/2012;8/7/2012;Moc concept;0;148
8/7/2012;9/7/2012;Moc concept;-112;162
9/7/2012;10/7/2012;Moc concept;-126;176
10/7/2012;11/7/2012;Moc concept;-140;190
11/7/2012;12/7/2012;Moc concept;-154;204
12/7/2012;13/7/2012;Moc concept;-168;218
13/7/2012;14/7/2012;Moc concept;-182;232
14/7/2012;15/7/2012;Moc concept;-196;246
15/7/2012;16/7/2012;Moc concept;-210;260
16/7/2012;17/7/2012;Moc concept;-224;274
17/7/2012;18/7/2012;Moc concept;-238;288
18/7/2012;19/7/2012;Moc concept;-252;302
19/7/2012;20/7/2012;Moc concept;-266;316
1/8/2012;2/8/2012;Moc concept;16;66
2/8/2012;3/8/2012;Moc concept;32;82
3/8/2012;4/8/2012;Moc concept;48;98
4/8/2012;5/8/2012;Moc concept;64;114
5/8/2012;6/8/2012;Moc concept;80;130
6/8/2012;7/8/2012;Moc concept;96;146
7/8/2012;8/8/2012;Moc concept;112;162
8/8/2012;9/8/2012;Moc concept;0;178
9/8/2012;10/8/2012;Moc concept;-144;194
10/8/2012;11/8/2012;Moc concept;-160;210
11/8/2012;12/8/2012;Moc concept;-176;226
12/8/2012;13/8/2012;Moc concept;-192;242
13/8/2012;14/8/2012;Moc concept;-208;258
14/8/2012;15/8/2012;Moc concept;-224;274
15/8/2012;16/8/2012;Moc concept;-240;290
16/8/2012;17/8/2012;Moc concept;-256;306
17/8/2012;18/8/2012;Moc concept;-272;322
18/8/2012;19/8/2012;Moc concept;-288;338
19/8/2012;20/8/2012;Moc concept;-304;354
1/9/2012;2/9/2012;Moc concept;18;68
2/9/2012;3/9/2012;Moc concept;36;86
3/9/2012;4/9/2012;Moc concept;54;104
4/9/2012;5/9/2012;Moc concept;72;122
5/9/2012;6/9/2012;Moc concept;90;140
6/9/2012;7/9/2012;Moc concept;108;158
7/9/2012;8/9/2012;Moc concept;126;176
8/9/2012;9/9/2012;Moc concept;144;194
9/9/2012;10/9/2012;Moc concept;0;212
10/9/2012;11/9/2012;Moc concept;-180;230
11/9/2012;12/9/2012;Moc concept;-198;248
12/9/2012;13/9/2012;Moc concept;-216;266
13/9/2012;14/9/2012;Moc concept;-234;284
14/9/2012;15/9/2012;Moc concept;-252;302
15/9/2012;16/9/2012;Moc concept;-270;320
16/9/2012;17/9/2012;Moc concept;-288;338
17/9/2012;18/9/2012;Moc concept;-306;356
18/9/2012;19/9/2012;Moc concept;-324;374
19/9/2012;20/9/2012;Moc concept;-342;392
1/10/2012;2/10/2012;Moc concept;20;70
2/10/2012;3/10/2012;Moc concept;40;90
3/10/2012;4/10/2012;Moc concept;60;110
4/10/2012;5/10/2012;Moc concept;80;130
5/10/2012;6/10/2012;Moc concept;100;150
6/10/2012;7/10/2012;Moc concept;120;170
7/10/2012;8/10/2012;Moc concept;140;190
8/10/2012;9/10/2012;Moc concept;160;210
9/10/2012;10/10/2012;Moc concept;180;230
10/10/2012;11/10/2012;Moc concept;0;250
11/10/2012;12/10/2012;Moc concept;-220;270
12/10/2012;13/10/2012;Moc concept;-240;290
13/10/2012;14/10/2012;Moc concept;-260;310
14/10/2012;15/10/2012;Moc concept;-280;330
15/10/2012;16/10/2012;Moc concept;-300;350
16/10/2012;17/10/2012;Moc concept;-320;370
17/10/2012;18/10/2012;Moc concept;-340;390
18/10/2012;19/10/2012;Moc concept;-360;410
19/10/2012;20/10/2012;Moc concept;-380;430
1/11/2012;2/11/2012;Moc concept;22;72
2/11/2012;3/11/2012;Moc concept;44;94
3/11/2012;4/11/2012;Moc concept;66;116
4/11/2012;5/11/2012;Moc concept;88;138
5/11/2012;6/11/2012;Moc concept;110;160
6/11/2012;7/11/2012;Moc concept;132;182
7/11/2012;8/11/2012;Moc concept;154;204
8/11/2012;9/11/2012;Moc concept;176;226
9/11/2012;10/11/2012;Moc concept;198;248
10/11/2012;11/11/2012;Moc concept;220;270
11/11/2012;12/11/2012;Moc concept;0;292
12/11/2012;13/11/2012;Moc concept;-264;314
13/11/2012;14/11/2012;Moc concept;-286;336
14/11/2012;15/11/2012;Moc concept;-308;358
15/11/2012;16/11/2012;Moc concept;-330;380
16/11/2012;17/11/2012;Moc concept;-352;402
17/11/2012;18/11/2012;Moc concept;-374;424
18/11/2012;19/11/2012;Moc concept;-396;446
19/11/2012;20/11/2012;Moc concept;-418;468
1/1/2013;2/1/2013;Moc concept;0;53
2/1/2013;3/1/2013;Moc concept;-6;56
3/1/2013;4/1/2013;Moc concept;-9;59
4/1/2013;5/1/2013;Moc concept;-12;62
5/1/2013;6/1/2013;Moc concept;-15;65
6/1/2013;7/1/2013;Moc concept;-18;68
7/1/2013;8/1/2013;Moc concept;-21;71
8/1/2013;9/1/2013;Moc concept;-24;74
9/1/2013;10/1/2013;Moc concept;-27;77
10/1/2013;11/1/2013;Moc concept;-30;80
11/1/2013;12/1/2013;Moc concept;-33;83
12/1/2013;13/1/2013;Moc concept;-36;86
13/1/2013;14/1/2013;Moc concept;-39;89
14/1/2013;15/1/2013;Moc concept;-42;92
15/1/2013;16/1/2013;Moc concept;-45;95
16/1/2013;17/1/2013;Moc concept;-48;98
17/1/2013;18/1/2013;Moc concept;-51;101
18/1/2013;19/1/2013;Moc concept;-54;104
19/1/2013;20/1/2013;Moc concept;-57;107
1/2/2013;2/2/2013;Moc concept;6;56
2/2/2013;3/2/2013;Moc concept;0;62
3/2/2013;4/2/2013;Moc concept;-18;68
4/2/2013;5/2/2013;Moc concept;-24;74
5/2/2013;6/2/2013;Moc concept;-30;80
6/2/2013;7/2/2013;Moc concept;-36;86
7/2/2013;8/2/2013;Moc concept;-42;92
8/2/2013;9/2/2013;Moc concept;-48;98
9/2/2013;10/2/2013;Moc concept;-54;104
10/2/2013;11/2/2013;Moc concept;-60;110
11/2/2013;12/2/2013;Moc concept;-66;116
12/2/2013;13/2/2013;Moc concept;-72;122
13/2/2013;14/2/2013;Moc concept;-78;128
14/2/2013;15/2/2013;Moc concept;-84;134
15/2/2013;16/2/2013;Moc concept;-90;140
16/2/2013;17/2/2013;Moc concept;-96;146
17/2/2013;18/2/2013;Moc concept;-102;152
18/2/2013;19/2/2013;Moc concept;-108;158
19/2/2013;20/2/2013;Moc concept;-114;164
1/3/2013;2/3/2013;Moc concept;9;59
2/3/2013;3/3/2013;Moc concept;18;68
3/3/2013;4/3/2013;Moc concept;0;77
4/3/2013;5/3/2013;Moc concept;-36;86
5/3/2013;6/3/2013;Moc concept;-45;95
6/3/2013;7/3/2013;Moc concept;-54;104
7/3/2013;8/3/2013;Moc concept;-63;113
8/3/2013;9/3/2013;Moc concept;-72;122
9/3/2013;10/3/2013;Moc concept;-81;131
10/3/2013;11/3/2013;Moc concept;-90;140
11/3/2013;12/3/2013;Moc concept;-99;149
12/3/2013;13/3/2013;Moc concept;-108;158
13/3/2013;14/3/2013;Moc concept;-117;167
14/3/2013;15/3/2013;Moc concept;-126;176
15/3/2013;16/3/2013;Moc concept;-135;185
16/3/2013;17/3/2013;Moc concept;-144;194
17/3/2013;18/3/2013;Moc concept;-153;203
18/3/2013;19/3/2013;Moc concept;-162;212
19/3/2013;20/3/2013;Moc concept;-171;221
1/4/2013;2/4/2013;Moc concept;12;62
2/4/2013;3/4/2013;Moc concept;24;74
3/4/2013;4/4/2013;Moc concept;36;86
4/4/2013;5/4/2013;Moc concept;0;98
5/4/2013;6/4/2013;Moc concept;-60;110
6/4/2013;7/4/2013;Moc concept;-72;122
7/4/2013;8/4/2013;Moc concept;-84;134
8/4/2013;9/4/2013;Moc concept;-96;146
9/4/2013;10/4/2013;Moc concept;-108;158
10/4/2013;11/4/2013;Moc concept;-120;170
11/4/2013;12/4/2013;Moc concept;-132;182
12/4/2013;13/4/2013;Moc concept;-144;194
13/4/2013;14/4/2013;Moc concept;-156;206
14/4/2013;15/4/2013;Moc concept;-168;218
15/4/2013;16/4/2013;Moc concept;-180;230
16/4/2013;17/4/2013;Moc concept;-192;242
17/4/2013;18/4/2013;Moc concept;-204;254
18/4/2013;19/4/2013;Moc concept;-216;266
19/4/2013;20/4/2013;Moc concept;-228;278
1/5/2013;2/5/2013;Moc concept;15;65
2/5/2013;3/5/2013;Moc concept;30;80
3/5/2013;4/5/2013;Moc concept;45;95
4/5/2013;5/5/2013;Moc concept;60;110
5/5/2013;6/5/2013;Moc concept;0;125
6/5/2013;7/5/2013;Moc concept;-90;140
7/5/2013;8/5/2013;Moc concept;-105;155
8/5/2013;9/5/2013;Moc concept;-120;170
9/5/2013;10/5/2013;Moc concept;-135;185
10/5/2013;11/5/2013;Moc concept;-150;200
11/5/2013;12/5/2013;Moc concept;-165;215
12/5/2013;13/5/2013;Moc concept;-180;230
13/5/2013;14/5/2013;Moc concept;-195;245
14/5/2013;15/5/2013;Moc concept;-210;260
15/5/2013;16/5/2013;Moc concept;-225;275
16/5/2013;17/5/2013;Moc concept;-240;290
17/5/2013;18/5/2013;Moc concept;-255;305
18/5/2013;19/5/2013;Moc concept;-270;320
19/5/2013;20/5/2013;Moc concept;-285;335
1/6/2013;2/6/2013;Moc concept;18;68
2/6/2013;3/6/2013;Moc concept;36;86
3/6/2013;4/6/2013;Moc concept;54;104
4/6/2013;5/6/2013;Moc concept;72;122
5/6/2013;6/6/2013;Moc concept;90;140
6/6/2013;7/6/2013;Moc concept;0;158
7/6/2013;8/6/2013;Moc concept;-126;176
8/6/2013;9/6/2013;Moc concept;-144;194
9/6/2013;10/6/2013;Moc concept;-162;212
10/6/2013;11/6/2013;Moc concept;-180;230
11/6/2013;12/6/2013;Moc concept;-198;248
12/6/2013;13/6/2013;Moc concept;-216;266
13/6/2013;14/6/2013;Moc concept;-234;284
14/6/2013;15/6/2013;Moc concept;-252;302
15/6/2013;16/6/2013;Moc concept;-270;320
16/6/2013;17/6/2013;Moc concept;-288;338
17/6/2013;18/6/2013;Moc concept;-306;356
18/6/2013;19/6/2013;Moc concept;-324;374
19/6/2013;20/6/2013;Moc concept;-342;392
1/7/2013;2/7/2013;Moc concept;21;71
2/7/2013;3/7/2013;Moc concept;42;92
3/7/2013;4/7/2013;Moc concept;63;113
4/7/2013;5/7/2013;Moc concept;84;134
5/7/2013;6/7/2013;Moc concept;105;155
6/7/2013;7/7/2013;Moc concept;126;176
7/7/2013;8/7/2013;Moc concept;0;197
8/7/2013;9/7/2013;Moc concept;-168;218
9/7/2013;10/7/2013;Moc concept;-189;239
10/7/2013;11/7/2013;Moc concept;-210;260
11/7/2013;12/7/2013;Moc concept;-231;281
12/7/2013;13/7/2013;Moc concept;-252;302
13/7/2013;14/7/2013;Moc concept;-273;323
14/7/2013;15/7/2013;Moc concept;-294;344
15/7/2013;16/7/2013;Moc concept;-315;365
16/7/2013;17/7/2013;Moc concept;-336;386
17/7/2013;18/7/2013;Moc concept;-357;407
18/7/2013;19/7/2013;Moc concept;-378;428
19/7/2013;20/7/2013;Moc concept;-399;449
1/8/2013;2/8/2013;Moc concept;24;74
2/8/2013;3/8/2013;Moc concept;48;98
3/8/2013;4/8/2013;Moc concept;72;122
4/8/2013;5/8/2013;Moc concept;96;146
5/8/2013;6/8/2013;Moc concept;120;170
6/8/2013;7/8/2013;Moc concept;144;194
7/8/2013;8/8/2013;Moc concept;168;218
8/8/2013;9/8/2013;Moc concept;0;242
9/8/2013;10/8/2013;Moc concept;-216;266
10/8/2013;11/8/2013;Moc concept;-240;290
11/8/2013;12/8/2013;Moc concept;-264;314
12/8/2013;13/8/2013;Moc concept;-288;338
13/8/2013;14/8/2013;Moc concept;-312;362
14/8/2013;15/8/2013;Moc concept;-336;386
15/8/2013;16/8/2013;Moc concept;-360;410
16/8/2013;17/8/2013;Moc concept;-384;434
17/8/2013;18/8/2013;Moc concept;-408;458
18/8/2013;19/8/2013;Moc concept;-432;482
19/8/2013;20/8/2013;Moc concept;-456;506
1/9/2013;2/9/2013;Moc concept;27;77
2/9/2013;3/9/2013;Moc concept;54;104
3/9/2013;4/9/2013;Moc concept;81;131
4/9/2013;5/9/2013;Moc concept;108;158
5/9/2013;6/9/2013;Moc concept;135;185
6/9/2013;7/9/2013;Moc concept;162;212
7/9/2013;8/9/2013;Moc concept;189;239
8/9/2013;9/9/2013;Moc concept;216;266
9/9/2013;10/9/2013;Moc concept;0;293
10/9/2013;11/9/2013;Moc concept;-270;320
11/9/2013;12/9/2013;Moc concept;-297;347
12/9/2013;13/9/2013;Moc concept;-324;374
13/9/2013;14/9/2013;Moc concept;-351;401
14/9/2013;15/9/2013;Moc concept;-378;428
15/9/2013;16/9/2013;Moc concept;-405;455
16/9/2013;17/9/2013;Moc concept;-432;482
17/9/2013;18/9/2013;Moc concept;-459;509
18/9/2013;19/9/2013;Moc concept;-486;536
19/9/2013;20/9/2013;Moc concept;-513;563
1/10/2013;2/10/2013;Moc concept;30;80
2/10/2013;3/10/2013;Moc concept;60;110
3/10/2013;4/10/2013;Moc concept;90;140
4/10/2013;5/10/2013;Moc concept;120;170
5/10/2013;6/10/2013;Moc concept;150;200
6/10/2013;7/10/2013;Moc concept;180;230
7/10/2013;8/10/2013;Moc concept;210;260
8/10/2013;9/10/2013;Moc concept;240;290
9/10/2013;10/10/2013;Moc concept;270;320
10/10/2013;11/10/2013;Moc concept;0;350
11/10/2013;12/10/2013;Moc concept;-330;380
12/10/2013;13/10/2013;Moc concept;-360;410
13/10/2013;14/10/2013;Moc concept;-390;440
14/10/2013;15/10/2013;Moc concept;-420;470
15/10/2013;16/10/2013;Moc concept;-450;500
16/10/2013;17/10/2013;Moc concept;-480;530
17/10/2013;18/10/2013;Moc concept;-510;560
18/10/2013;19/10/2013;Moc concept;-540;590
19/10/2013;20/10/2013;Moc concept;-570;620
1/11/2013;2/11/2013;Moc concept;33;83
2/11/2013;3/11/2013;Moc concept;66;116
3/11/2013;4/11/2013;Moc concept;99;149
4/11/2013;5/11/2013;Moc concept;132;182
5/11/2013;6/11/2013;Moc concept;165;215
6/11/2013;7/11/2013;Moc concept;198;248
7/11/2013;8/11/2013;Moc concept;231;281
8/11/2013;9/11/2013;Moc concept;264;314
9/11/2013;10/11/2013;Moc concept;297;347
10/11/2013;11/11/2013;Moc concept;330;380
11/11/2013;12/11/2013;Moc concept;0;413
12/11/2013;13/11/2013;Moc concept;-396;446
13/11/2013;14/11/2013;Moc concept;-429;479
14/11/2013;15/11/2013;Moc concept;-462;512
15/11/2013;16/11/2013;Moc concept;-495;545
16/11/2013;17/11/2013;Moc concept;-528;578
17/11/2013;18/11/2013;Moc concept;-561;611
18/11/2013;19/11/2013;Moc concept;-594;644
19/11/2013;20/11/2013;Moc concept;-627;677
1/1/2014;2/1/2014;Moc concept;0;54
2/1/2014;3/1/2014;Moc concept;-8;58
3/1/2014;4/1/2014;Moc concept;-12;62
4/1/2014;5/1/2014;Moc concept;-16;66
5/1/2014;6/1/2014;Moc concept;-20;70
6/1/2014;7/1/2014;Moc concept;-24;74
7/1/2014;8/1/2014;Moc concept;-28;78
8/1/2014;9/1/2014;Moc concept;-32;82
9/1/2014;10/1/2014;Moc concept;-36;86
10/1/2014;11/1/2014;Moc concept;-40;90
11/1/2014;12/1/2014;Moc concept;-44;94
12/1/2014;13/1/2014;Moc concept;-48;98
13/1/2014;14/1/2014;Moc concept;-52;102
14/1/2014;15/1/2014;Moc concept;-56;106
15/1/2014;16/1/2014;Moc concept;-60;110
16/1/2014;17/1/2014;Moc concept;-64;114
17/1/2014;18/1/2014;Moc concept;-68;118
18/1/2014;19/1/2014;Moc concept;-72;122
19/1/2014;20/1/2014;Moc concept;-76;126
1/2/2014;2/2/2014;Moc concept;8;58
2/2/2014;3/2/2014;Moc concept;0;66
3/2/2014;4/2/2014;Moc concept;-24;74
4/2/2014;5/2/2014;Moc concept;-32;82
5/2/2014;6/2/2014;Moc concept;-40;90
6/2/2014;7/2/2014;Moc concept;-48;98
7/2/2014;8/2/2014;Moc concept;-56;106
8/2/2014;9/2/2014;Moc concept;-64;114
9/2/2014;10/2/2014;Moc concept;-72;122
10/2/2014;11/2/2014;Moc concept;-80;130
11/2/2014;12/2/2014;Moc concept;-88;138
12/2/2014;13/2/2014;Moc concept;-96;146
13/2/2014;14/2/2014;Moc concept;-104;154
14/2/2014;15/2/2014;Moc concept;-112;162
15/2/2014;16/2/2014;Moc concept;-120;170
16/2/2014;17/2/2014;Moc concept;-128;178
17/2/2014;18/2/2014;Moc concept;-136;186
18/2/2014;19/2/2014;Moc concept;-144;194
19/2/2014;20/2/2014;Moc concept;-152;202
1/3/2014;2/3/2014;Moc concept;12;62
2/3/2014;3/3/2014;Moc concept;24;74
3/3/2014;4/3/2014;Moc concept;0;86
4/3/2014;5/3/2014;Moc concept;-48;98
5/3/2014;6/3/2014;Moc concept;-60;110
6/3/2014;7/3/2014;Moc concept;-72;122
7/3/2014;8/3/2014;Moc concept;-84;134
8/3/2014;9/3/2014;Moc concept;-96;146
9/3/2014;10/3/2014;Moc concept;-108;158
10/3/2014;11/3/2014;Moc concept;-120;170
11/3/2014;12/3/2014;Moc concept;-132;182
12/3/2014;13/3/2014;Moc concept;-144;194
13/3/2014;14/3/2014;Moc concept;-156;206
14/3/2014;15/3/2014;Moc concept;-168;218
15/3/2014;16/3/2014;Moc concept;-180;230
16/3/2014;17/3/2014;Moc concept;-192;242
17/3/2014;18/3/2014;Moc concept;-204;254
18/3/2014;19/3/2014;Moc concept;-216;266
19/3/2014;20/3/2014;Moc concept;-228;278
1/4/2014;2/4/2014;Moc concept;16;66
2/4/2014;3/4/2014;Moc concept;32;82
3/4/2014;4/4/2014;Moc concept;48;98
4/4/2014;5/4/2014;Moc concept;0;114
5/4/2014;6/4/2014;Moc concept;-80;130
6/4/2014;7/4/2014;Moc concept;-96;146
7/4/2014;8/4/2014;Moc concept;-112;162
8/4/2014;9/4/2014;Moc concept;-128;178
9/4/2014;10/4/2014;Moc concept;-144;194
10/4/2014;11/4/2014;Moc concept;-160;210
11/4/2014;12/4/2014;Moc concept;-176;226
12/4/2014;13/4/2014;Moc concept;-192;242
13/4/2014;14/4/2014;Moc concept;-208;258
14/4/2014;15/4/2014;Moc concept;-224;274
15/4/2014;16/4/2014;Moc concept;-240;290
16/4/2014;17/4/2014;Moc concept;-256;306
17/4/2014;18/4/2014;Moc concept;-272;322
18/4/2014;19/4/2014;Moc concept;-288;338
19/4/2014;20/4/2014;Moc concept;-304;354
1/5/2014;2/5/2014;Moc concept;20;70
2/5/2014;3/5/2014;Moc concept;40;90
3/5/2014;4/5/2014;Moc concept;60;110
4/5/2014;5/5/2014;Moc concept;80;130
5/5/2014;6/5/2014;Moc concept;0;150
6/5/2014;7/5/2014;Moc concept;-120;170
7/5/2014;8/5/2014;Moc concept;-140;190
8/5/2014;9/5/2014;Moc concept;-160;210
9/5/2014;10/5/2014;Moc concept;-180;230
10/5/2014;11/5/2014;Moc concept;-200;250
11/5/2014;12/5/2014;Moc concept;-220;270
12/5/2014;13/5/2014;Moc concept;-240;290
13/5/2014;14/5/2014;Moc concept;-260;310
14/5/2014;15/5/2014;Moc concept;-280;330
15/5/2014;16/5/2014;Moc concept;-300;350
16/5/2014;17/5/2014;Moc concept;-320;370
17/5/2014;18/5/2014;Moc concept;-340;390
18/5/2014;19/5/2014;Moc concept;-360;410
19/5/2014;20/5/2014;Moc concept;-380;430
1/6/2014;2/6/2014;Moc concept;24;74
2/6/2014;3/6/2014;Moc concept;48;98
3/6/2014;4/6/2014;Moc concept;72;122
4/6/2014;5/6/2014;Moc concept;96;146
5/6/2014;6/6/2014;Moc concept;120;170
6/6/2014;7/6/2014;Moc concept;0;194
7/6/2014;8/6/2014;Moc concept;-168;218
8/6/2014;9/6/2014;Moc concept;-192;242
9/6/2014;10/6/2014;Moc concept;-216;266
10/6/2014;11/6/2014;Moc concept;-240;290
11/6/2014;12/6/2014;Moc concept;-264;314
12/6/2014;13/6/2014;Moc concept;-288;338
13/6/2014;14/6/2014;Moc concept;-312;362
14/6/2014;15/6/2014;Moc concept;-336;386
15/6/2014;16/6/2014;Moc concept;-360;410
16/6/2014;17/6/2014;Moc concept;-384;434
17/6/2014;18/6/2014;Moc concept;-408;458
18/6/2014;19/6/2014;Moc concept;-432;482
19/6/2014;20/6/2014;Moc concept;-456;506
1/7/2014;2/7/2014;Moc concept;28;78
2/7/2014;3/7/2014;Moc concept;56;106
3/7/2014;4/7/2014;Moc concept;84;134
4/7/2014;5/7/2014;Moc concept;112;162
5/7/2014;6/7/2014;Moc concept;140;190
6/7/2014;7/7/2014;Moc concept;168;218
7/7/2014;8/7/2014;Moc concept;0;246
8/7/2014;9/7/2014;Moc concept;-224;274
9/7/2014;10/7/2014;Moc concept;-252;302
10/7/2014;11/7/2014;Moc concept;-280;330
11/7/2014;12/7/2014;Moc concept;-308;358
12/7/2014;13/7/2014;Moc concept;-336;386
13/7/2014;14/7/2014;Moc concept;-364;414
14/7/2014;15/7/2014;Moc concept;-392;442
15/7/2014;16/7/2014;Moc concept;-420;470
16/7/2014;17/7/2014;Moc concept;-448;498
17/7/2014;18/7/2014;Moc concept;-476;526
18/7/2014;19/7/2014;Moc concept;-504;554
19/7/2014;20/7/2014;Moc concept;-532;582
1/8/2014;2/8/2014;Moc concept;32;82
2/8/2014;3/8/2014;Moc concept;64;114
3/8/2014;4/8/2014;Moc concept;96;146
4/8/2014;5/8/2014;Moc concept;128;178
5/8/2014;6/8/2014;Moc concept;160;210
6/8/2014;7/8/2014;Moc concept;192;242
7/8/2014;8/8/2014;Moc concept;224;274
8/8/2014;9/8/2014;Moc concept;0;306
9/8/2014;10/8/2014;Moc concept;-288;338
10/8/2014;11/8/2014;Moc concept;-320;370
11/8/2014;12/8/2014;Moc concept;-352;402
12/8/2014;13/8/2014;Moc concept;-384;434
13/8/2014;14/8/2014;Moc concept;-416;466
14/8/2014;15/8/2014;Moc concept;-448;498
15/8/2014;16/8/2014;Moc concept;-480;530
16/8/2014;17/8/2014;Moc concept;-512;562
17/8/2014;18/8/2014;Moc concept;-544;594
18/8/2014;19/8/2014;Moc concept;-576;626
19/8/2014;20/8/2014;Moc concept;-608;658
1/9/2014;2/9/2014;Moc concept;36;86
2/9/2014;3/9/2014;Moc concept;72;122
3/9/2014;4/9/2014;Moc concept;108;158
4/9/2014;5/9/2014;Moc concept;144;194
5/9/2014;6/9/2014;Moc concept;180;230
6/9/2014;7/9/2014;Moc concept;216;266
7/9/2014;8/9/2014;Moc concept;252;302
8/9/2014;9/9/2014;Moc concept;288;338
9/9/2014;10/9/2014;Moc concept;0;374
10/9/2014;11/9/2014;Moc concept;-360;410
11/9/2014;12/9/2014;Moc concept;-396;446
12/9/2014;13/9/2014;Moc concept;-432;482
13/9/2014;14/9/2014;Moc concept;-468;518
14/9/2014;15/9/2014;Moc concept;-504;554
15/9/2014;16/9/2014;Moc concept;-540;590
16/9/2014;17/9/2014;Moc concept;-576;626
17/9/2014;18/9/2014;Moc concept;-612;662
18/9/2014;19/9/2014;Moc concept;-648;698
19/9/2014;20/9/2014;Moc concept;-684;734
1/10/2014;2/10/2014;Moc concept;40;90
2/10/2014;3/10/2014;Moc concept;80;130
3/10/2014;4/10/2014;Moc concept;120;170
4/10/2014;5/10/2014;Moc concept;160;210
5/10/2014;6/10/2014;Moc concept;200;250
6/10/2014;7/10/2014;Moc concept;240;290
7/10/2014;8/10/2014;Moc concept;280;330
8/10/2014;9/10/2014;Moc concept;320;370
9/10/2014;10/10/2014;Moc concept;360;410
10/10/2014;11/10/2014;Moc concept;0;450
11/10/2014;12/10/2014;Moc concept;-440;490
12/10/2014;13/10/2014;Moc concept;-480;530
13/10/2014;14/10/2014;Moc concept;-520;570
14/10/2014;15/10/2014;Moc concept;-560;610
15/10/2014;16/10/2014;Moc concept;-600;650
16/10/2014;17/10/2014;Moc concept;-640;690
17/10/2014;18/10/2014;Moc concept;-680;730
18/10/2014;19/10/2014;Moc concept;-720;770
19/10/2014;20/10/2014;Moc concept;-760;810
1/11/2014;2/11/2014;Moc concept;44;94
2/11/2014;3/11/2014;Moc concept;88;138
3/11/2014;4/11/2014;Moc concept;132;182
4/11/2014;5/11/2014;Moc concept;176;226
5/11/2014;6/11/2014;Moc concept;220;270
6/11/2014;7/11/2014;Moc concept;264;314
7/11/2014;8/11/2014;Moc concept;308;358
8/11/2014;9/11/2014;Moc concept;352;402
9/11/2014;10/11/2014;Moc concept;396;446
10/11/2014;11/11/2014;Moc concept;440;490
11/11/2014;12/11/2014;Moc concept;0;534
12/11/2014;13/11/2014;Moc concept;-528;578
13/11/2014;14/11/2014;Moc concept;-572;622
14/11/2014;15/11/2014;Moc concept;-616;666
15/11/2014;16/11/2014;Moc concept;-660;710
16/11/2014;17/11/2014;Moc concept;-704;754
17/11/2014;18/11/2014;Moc concept;-748;798
18/11/2014;19/11/2014;Moc concept;-792;842
19/11/2014;20/11/2014;Moc concept;-836;886
1/1/2015;2/1/2015;Moc concept;0;55
2/1/2015;3/1/2015;Moc concept;-10;60
3/1/2015;4/1/2015;Moc concept;-15;65
4/1/2015;5/1/2015;Moc concept;-20;70
5/1/2015;6/1/2015;Moc concept;-25;75
6/1/2015;7/1/2015;Moc concept;-30;80
7/1/2015;8/1/2015;Moc concept;-35;85
8/1/2015;9/1/2015;Moc concept;-40;90
9/1/2015;10/1/2015;Moc concept;-45;95
10/1/2015;11/1/2015;Moc concept;-50;100
11/1/2015;12/1/2015;Moc concept;-55;105
12/1/2015;13/1/2015;Moc concept;-60;110
13/1/2015;14/1/2015;Moc concept;-65;115
14/1/2015;15/1/2015;Moc concept;-70;120
15/1/2015;16/1/2015;Moc concept;-75;125
16/1/2015;17/1/2015;Moc concept;-80;130
17/1/2015;18/1/2015;Moc concept;-85;135
18/1/2015;19/1/2015;Moc concept;-90;140
19/1/2015;20/1/2015;Moc concept;-95;145
1/2/2015;2/2/2015;Moc concept;10;60
2/2/2015;3/2/2015;Moc concept;0;70
3/2/2015;4/2/2015;Moc concept;-30;80
4/2/2015;5/2/2015;Moc concept;-40;90
5/2/2015;6/2/2015;Moc concept;-50;100
6/2/2015;7/2/2015;Moc concept;-60;110
7/2/2015;8/2/2015;Moc concept;-70;120
8/2/2015;9/2/2015;Moc concept;-80;130
9/2/2015;10/2/2015;Moc concept;-90;140
10/2/2015;11/2/2015;Moc concept;-100;150
11/2/2015;12/2/2015;Moc concept;-110;160
12/2/2015;13/2/2015;Moc concept;-120;170
13/2/2015;14/2/2015;Moc concept;-130;180
14/2/2015;15/2/2015;Moc concept;-140;190
15/2/2015;16/2/2015;Moc concept;-150;200
16/2/2015;17/2/2015;Moc concept;-160;210
17/2/2015;18/2/2015;Moc concept;-170;220
18/2/2015;19/2/2015;Moc concept;-180;230
19/2/2015;20/2/2015;Moc concept;-190;240
1/3/2015;2/3/2015;Moc concept;15;65
2/3/2015;3/3/2015;Moc concept;30;80
3/3/2015;4/3/2015;Moc concept;0;95
4/3/2015;5/3/2015;Moc concept;-60;110
5/3/2015;6/3/2015;Moc concept;-75;125
6/3/2015;7/3/2015;Moc concept;-90;140
7/3/2015;8/3/2015;Moc concept;-105;155
8/3/2015;9/3/2015;Moc concept;-120;170
9/3/2015;10/3/2015;Moc concept;-135;185
10/3/2015;11/3/2015;Moc concept;-150;200
11/3/2015;12/3/2015;Moc concept;-165;215
12/3/2015;13/3/2015;Moc concept;-180;230
13/3/2015;14/3/2015;Moc concept;-195;245
14/3/2015;15/3/2015;Moc concept;-210;260
15/3/2015;16/3/2015;Moc concept;-225;275
16/3/2015;17/3/2015;Moc concept;-240;290
17/3/2015;18/3/2015;Moc concept;-255;305
18/3/2015;19/3/2015;Moc concept;-270;320
19/3/2015;20/3/2015;Moc concept;-285;335
1/4/2015;2/4/2015;Moc concept;20;70
2/4/2015;3/4/2015;Moc concept;40;90
3/4/2015;4/4/2015;Moc concept;60;110
4/4/2015;5/4/2015;Moc concept;0;130
5/4/2015;6/4/2015;Moc concept;-100;150
6/4/2015;7/4/2015;Moc concept;-120;170
7/4/2015;8/4/2015;Moc concept;-140;190
8/4/2015;9/4/2015;Moc concept;-160;210
9/4/2015;10/4/2015;Moc concept;-180;230
10/4/2015;11/4/2015;Moc concept;-200;250
11/4/2015;12/4/2015;Moc concept;-220;270
12/4/2015;13/4/2015;Moc concept;-240;290
13/4/2015;14/4/2015;Moc concept;-260;310
14/4/2015;15/4/2015;Moc concept;-280;330
15/4/2015;16/4/2015;Moc concept;-300;350
16/4/2015;17/4/2015;Moc concept;-320;370
17/4/2015;18/4/2015;Moc concept;-340;390
18/4/2015;19/4/2015;Moc concept;-360;410
19/4/2015;20/4/2015;Moc concept;-380;430
1/5/2015;2/5/2015;Moc concept;25;75
2/5/2015;3/5/2015;Moc concept;50;100
3/5/2015;4/5/2015;Moc concept;75;125
4/5/2015;5/5/2015;Moc concept;100;150
5/5/2015;6/5/2015;Moc concept;0;175
6/5/2015;7/5/2015;Moc concept;-150;200
7/5/2015;8/5/2015;Moc concept;-175;225
8/5/2015;9/5/2015;Moc concept;-200;250
9/5/2015;10/5/2015;Moc concept;-225;275
10/5/2015;11/5/2015;Moc concept;-250;300
11/5/2015;12/5/2015;Moc concept;-275;325
12/5/2015;13/5/2015;Moc concept;-300;350
13/5/2015;14/5/2015;Moc concept;-325;375
14/5/2015;15/5/2015;Moc concept;-350;400
15/5/2015;16/5/2015;Moc concept;-375;425
16/5/2015;17/5/2015;Moc concept;-400;450
17/5/2015;18/5/2015;Moc concept;-425;475
18/5/2015;19/5/2015;Moc concept;-450;500
19/5/2015;20/5/2015;Moc concept;-475;525
1/6/2015;2/6/2015;Moc concept;30;80
2/6/2015;3/6/2015;Moc concept;60;110
3/6/2015;4/6/2015;Moc concept;90;140
4/6/2015;5/6/2015;Moc concept;120;170
5/6/2015;6/6/2015;Moc concept;150;200
6/6/2015;7/6/2015;Moc concept;0;230
7/6/2015;8/6/2015;Moc concept;-210;260
8/6/2015;9/6/2015;Moc concept;-240;290
9/6/2015;10/6/2015;Moc concept;-270;320
10/6/2015;11/6/2015;Moc concept;-300;350
11/6/2015;12/6/2015;Moc concept;-330;380
12/6/2015;13/6/2015;Moc concept;-360;410
13/6/2015;14/6/2015;Moc concept;-390;440
14/6/2015;15/6/2015;Moc concept;-420;470
15/6/2015;16/6/2015;Moc concept;-450;500
16/6/2015;17/6/2015;Moc concept;-480;530
17/6/2015;18/6/2015;Moc concept;-510;560
18/6/2015;19/6/2015;Moc concept;-540;590
19/6/2015;20/6/2015;Moc concept;-570;620
1/7/2015;2/7/2015;Moc concept;35;85
2/7/2015;3/7/2015;Moc concept;70;120
3/7/2015;4/7/2015;Moc concept;105;155
4/7/2015;5/7/2015;Moc concept;140;190
5/7/2015;6/7/2015;Moc concept;175;225
6/7/2015;7/7/2015;Moc concept;210;260
7/7/2015;8/7/2015;Moc concept;0;295
8/7/2015;9/7/2015;Moc concept;-280;330
9/7/2015;10/7/2015;Moc concept;-315;365
10/7/2015;11/7/2015;Moc concept;-350;400
11/7/2015;12/7/2015;Moc concept;-385;435
12/7/2015;13/7/2015;Moc concept;-420;470
13/7/2015;14/7/2015;Moc concept;-455;505
14/7/2015;15/7/2015;Moc concept;-490;540
15/7/2015;16/7/2015;Moc concept;-525;575
16/7/2015;17/7/2015;Moc concept;-560;610
17/7/2015;18/7/2015;Moc concept;-595;645
18/7/2015;19/7/2015;Moc concept;-630;680
19/7/2015;20/7/2015;Moc concept;-665;715
1/8/2015;2/8/2015;Moc concept;40;90
2/8/2015;3/8/2015;Moc concept;80;130
3/8/2015;4/8/2015;Moc concept;120;170
4/8/2015;5/8/2015;Moc concept;160;210
5/8/2015;6/8/2015;Moc concept;200;250
6/8/2015;7/8/2015;Moc concept;240;290
7/8/2015;8/8/2015;Moc concept;280;330
8/8/2015;9/8/2015;Moc concept;0;370
9/8/2015;10/8/2015;Moc concept;-360;410
10/8/2015;11/8/2015;Moc concept;-400;450
11/8/2015;12/8/2015;Moc concept;-440;490
12/8/2015;13/8/2015;Moc concept;-480;530
13/8/2015;14/8/2015;Moc concept;-520;570
14/8/2015;15/8/2015;Moc concept;-560;610
15/8/2015;16/8/2015;Moc concept;-600;650
16/8/2015;17/8/2015;Moc concept;-640;690
17/8/2015;18/8/2015;Moc concept;-680;730
18/8/2015;19/8/2015;Moc concept;-720;770
19/8/2015;20/8/2015;Moc concept;-760;810
1/9/2015;2/9/2015;Moc concept;45;95
2/9/2015;3/9/2015;Moc concept;90;140
3/9/2015;4/9/2015;Moc concept;135;185
4/9/2015;5/9/2015;Moc concept;180;230
5/9/2015;6/9/2015;Moc concept;225;275
6/9/2015;7/9/2015;Moc concept;270;320
7/9/2015;8/9/2015;Moc concept;315;365
8/9/2015;9/9/2015;Moc concept;360;410
9/9/2015;10/9/2015;Moc concept;0;455
10/9/2015;11/9/2015;Moc concept;-450;500
11/9/2015;12/9/2015;Moc concept;-495;545
12/9/2015;13/9/2015;Moc concept;-540;590
13/9/2015;14/9/2015;Moc concept;-585;635
14/9/2015;15/9/2015;Moc concept;-630;680
15/9/2015;16/9/2015;Moc concept;-675;725
16/9/2015;17/9/2015;Moc concept;-720;770
17/9/2015;18/9/2015;Moc concept;-765;815
18/9/2015;19/9/2015;Moc concept;-810;860
19/9/2015;20/9/2015;Moc concept;-855;905
1/10/2015;2/10/2015;Moc concept;50;100
2/10/2015;3/10/2015;Moc concept;100;150
3/10/2015;4/10/2015;Moc concept;150;200
4/10/2015;5/10/2015;Moc concept;200;250
5/10/2015;6/10/2015;Moc concept;250;300
6/10/2015;7/10/2015;Moc concept;300;350
7/10/2015;8/10/2015;Moc concept;350;400
8/10/2015;9/10/2015;Moc concept;400;450
9/10/2015;10/10/2015;Moc concept;450;500
10/10/2015;11/10/2015;Moc concept;0;550
11/10/2015;12/10/2015;Moc concept;-550;600
12/10/2015;13/10/2015;Moc concept;-600;650
13/10/2015;14/10/2015;Moc concept;-650;700
14/10/2015;15/10/2015;Moc concept;-700;750
15/10/2015;16/10/2015;Moc concept;-750;800
16/10/2015;17/10/2015;Moc concept;-800;850
17/10/2015;18/10/2015;Moc concept;-850;900
18/10/2015;19/10/2015;Moc concept;-900;950
19/10/2015;20/10/2015;Moc concept;-950;1000
1/11/2015;2/11/2015;Moc concept;55;105
2/11/2015;3/11/2015;Moc concept;110;160
3/11/2015;4/11/2015;Moc concept;165;215
4/11/2015;5/11/2015;Moc concept;220;270
5/11/2015;6/11/2015;Moc concept;275;325
6/11/2015;7/11/2015;Moc concept;330;380
7/11/2015;8/11/2015;Moc concept;385;435
8/11/2015;9/11/2015;Moc concept;440;490
9/11/2015;10/11/2015;Moc concept;495;545
10/11/2015;11/11/2015;Moc concept;550;600
11/11/2015;12/11/2015;Moc concept;0;655
12/11/2015;13/11/2015;Moc concept;-660;710
13/11/2015;14/11/2015;Moc concept;-715;765
14/11/2015;15/11/2015;Moc concept;-770;820
15/11/2015;16/11/2015;Moc concept;-825;875
16/11/2015;17/11/2015;Moc concept;-880;930
17/11/2015;18/11/2015;Moc concept;-935;985
18/11/2015;19/11/2015;Moc concept;-990;1040
19/11/2015;20/11/2015;Moc concept;-1045;1095
1/1/2016;2/1/2016;Moc concept;0;56
2/1/2016;3/1/2016;Moc concept;-12;62
3/1/2016;4/1/2016;Moc concept;-18;68
4/1/2016;5/1/2016;Moc concept;-24;74
5/1/2016;6/1/2016;Moc concept;-30;80
6/1/2016;7/1/2016;Moc concept;-36;86
7/1/2016;8/1/2016;Moc concept;-42;92
8/1/2016;9/1/2016;Moc concept;-48;98
9/1/2016;10/1/2016;Moc concept;-54;104
10/1/2016;11/1/2016;Moc concept;-60;110
11/1/2016;12/1/2016;Moc concept;-66;116
12/1/2016;13/1/2016;Moc concept;-72;122
13/1/2016;14/1/2016;Moc concept;-78;128
14/1/2016;15/1/2016;Moc concept;-84;134
15/1/2016;16/1/2016;Moc concept;-90;140
16/1/2016;17/1/2016;Moc concept;-96;146
17/1/2016;18/1/2016;Moc concept;-102;152
18/1/2016;19/1/2016;Moc concept;-108;158
19/1/2016;20/1/2016;Moc concept;-114;164
1/2/2016;2/2/2016;Moc concept;12;62
2/2/2016;3/2/2016;Moc concept;0;74
3/2/2016;4/2/2016;Moc concept;-36;86
4/2/2016;5/2/2016;Moc concept;-48;98
5/2/2016;6/2/2016;Moc concept;-60;110
6/2/2016;7/2/2016;Moc concept;-72;122
7/2/2016;8/2/2016;Moc concept;-84;134
8/2/2016;9/2/2016;Moc concept;-96;146
9/2/2016;10/2/2016;Moc concept;-108;158
10/2/2016;11/2/2016;Moc concept;-120;170
11/2/2016;12/2/2016;Moc concept;-132;182
12/2/2016;13/2/2016;Moc concept;-144;194
13/2/2016;14/2/2016;Moc concept;-156;206
14/2/2016;15/2/2016;Moc concept;-168;218
15/2/2016;16/2/2016;Moc concept;-180;230
16/2/2016;17/2/2016;Moc concept;-192;242
17/2/2016;18/2/2016;Moc concept;-204;254
18/2/2016;19/2/2016;Moc concept;-216;266
19/2/2016;20/2/2016;Moc concept;-228;278
1/3/2016;2/3/2016;Moc concept;18;68
2/3/2016;3/3/2016;Moc concept;36;86
3/3/2016;4/3/2016;Moc concept;0;104
4/3/2016;5/3/2016;Moc concept;-72;122
5/3/2016;6/3/2016;Moc concept;-90;140
6/3/2016;7/3/2016;Moc concept;-108;158
7/3/2016;8/3/2016;Moc concept;-126;176
8/3/2016;9/3/2016;Moc concept;-144;194
9/3/2016;10/3/2016;Moc concept;-162;212
10/3/2016;11/3/2016;Moc concept;-180;230
11/3/2016;12/3/2016;Moc concept;-198;248
12/3/2016;13/3/2016;Moc concept;-216;266
13/3/2016;14/3/2016;Moc concept;-234;284
14/3/2016;15/3/2016;Moc concept;-252;302
15/3/2016;16/3/2016;Moc concept;-270;320
16/3/2016;17/3/2016;Moc concept;-288;338
17/3/2016;18/3/2016;Moc concept;-306;356
18/3/2016;19/3/2016;Moc concept;-324;374
19/3/2016;20/3/2016;Moc concept;-342;392
1/4/2016;2/4/2016;Moc concept;24;74
2/4/2016;3/4/2016;Moc concept;48;98
3/4/2016;4/4/2016;Moc concept;72;122
4/4/2016;5/4/2016;Moc concept;0;146
5/4/2016;6/4/2016;Moc concept;-120;170
6/4/2016;7/4/2016;Moc concept;-144;194
7/4/2016;8/4/2016;Moc concept;-168;218
8/4/2016;9/4/2016;Moc concept;-192;242
9/4/2016;10/4/2016;Moc concept;-216;266
10/4/2016;11/4/2016;Moc concept;-240;290
11/4/2016;12/4/2016;Moc concept;-264;314
12/4/2016;13/4/2016;Moc concept;-288;338
13/4/2016;14/4/2016;Moc concept;-312;362
14/4/2016;15/4/2016;Moc concept;-336;386
15/4/2016;16/4/2016;Moc concept;-360;410
16/4/2016;17/4/2016;Moc concept;-384;434
17/4/2016;18/4/2016;Moc concept;-408;458
18/4/2016;19/4/2016;Moc concept;-432;482
19/4/2016;20/4/2016;Moc concept;-456;506
1/5/2016;2/5/2016;Moc concept;30;80
2/5/2016;3/5/2016;Moc concept;60;110
3/5/2016;4/5/2016;Moc concept;90;140
4/5/2016;5/5/2016;Moc concept;120;170
5/5/2016;6/5/2016;Moc concept;0;200
6/5/2016;7/5/2016;Moc concept;-180;230
7/5/2016;8/5/2016;Moc concept;-210;260
8/5/2016;9/5/2016;Moc concept;-240;290
9/5/2016;10/5/2016;Moc concept;-270;320
10/5/2016;11/5/2016;Moc concept;-300;350
11/5/2016;12/5/2016;Moc concept;-330;380
12/5/2016;13/5/2016;Moc concept;-360;410
13/5/2016;14/5/2016;Moc concept;-390;440
14/5/2016;15/5/2016;Moc concept;-420;470
15/5/2016;16/5/2016;Moc concept;-450;500
16/5/2016;17/5/2016;Moc concept;-480;530
17/5/2016;18/5/2016;Moc concept;-510;560
18/5/2016;19/5/2016;Moc concept;-540;590
19/5/2016;20/5/2016;Moc concept;-570;620
1/6/2016;2/6/2016;Moc concept;36;86
2/6/2016;3/6/2016;Moc concept;72;122
3/6/2016;4/6/2016;Moc concept;108;158
4/6/2016;5/6/2016;Moc concept;144;194
5/6/2016;6/6/2016;Moc concept;180;230
6/6/2016;7/6/2016;Moc concept;0;266
7/6/2016;8/6/2016;Moc concept;-252;302
8/6/2016;9/6/2016;Moc concept;-288;338
9/6/2016;10/6/2016;Moc concept;-324;374
10/6/2016;11/6/2016;Moc concept;-360;410
11/6/2016;12/6/2016;Moc concept;-396;446
12/6/2016;13/6/2016;Moc concept;-432;482
13/6/2016;14/6/2016;Moc concept;-468;518
14/6/2016;15/6/2016;Moc concept;-504;554
15/6/2016;16/6/2016;Moc concept;-540;590
16/6/2016;17/6/2016;Moc concept;-576;626
17/6/2016;18/6/2016;Moc concept;-612;662
18/6/2016;19/6/2016;Moc concept;-648;698
19/6/2016;20/6/2016;Moc concept;-684;734
1/7/2016;2/7/2016;Moc concept;42;92
2/7/2016;3/7/2016;Moc concept;84;134
3/7/2016;4/7/2016;Moc concept;126;176
4/7/2016;5/7/2016;Moc concept;168;218
5/7/2016;6/7/2016;Moc concept;210;260
6/7/2016;7/7/2016;Moc concept;252;302
7/7/2016;8/7/2016;Moc concept;0;344
8/7/2016;9/7/2016;Moc concept;-336;386
9/7/2016;10/7/2016;Moc concept;-378;428
10/7/2016;11/7/2016;Moc concept;-420;470
11/7/2016;12/7/2016;Moc concept;-462;512
12/7/2016;13/7/2016;Moc concept;-504;554
13/7/2016;14/7/2016;Moc concept;-546;596
14/7/2016;15/7/2016;Moc concept;-588;638
15/7/2016;16/7/2016;Moc concept;-630;680
16/7/2016;17/7/2016;Moc concept;-672;722
17/7/2016;18/7/2016;Moc concept;-714;764
18/7/2016;19/7/2016;Moc concept;-756;806
19/7/2016;20/7/2016;Moc concept;-798;848
1/8/2016;2/8/2016;Moc concept;48;98
2/8/2016;3/8/2016;Moc concept;96;146
3/8/2016;4/8/2016;Moc concept;144;194
4/8/2016;5/8/2016;Moc concept;192;242
5/8/2016;6/8/2016;Moc concept;240;290
6/8/2016;7/8/2016;Moc concept;288;338
7/8/2016;8/8/2016;Moc concept;336;386
8/8/2016;9/8/2016;Moc concept;0;434
9/8/2016;10/8/2016;Moc concept;-432;482
10/8/2016;11/8/2016;Moc concept;-480;530
11/8/2016;12/8/2016;Moc concept;-528;578
12/8/2016;13/8/2016;Moc concept;-576;626
13/8/2016;14/8/2016;Moc concept;-624;674
14/8/2016;15/8/2016;Moc concept;-672;722
15/8/2016;16/8/2016;Moc concept;-720;770
16/8/2016;17/8/2016;Moc concept;-768;818
17/8/2016;18/8/2016;Moc concept;-816;866
18/8/2016;19/8/2016;Moc concept;-864;914
19/8/2016;20/8/2016;Moc concept;-912;962
1/9/2016;2/9/2016;Moc concept;54;104
2/9/2016;3/9/2016;Moc concept;108;158
3/9/2016;4/9/2016;Moc concept;162;212
4/9/2016;5/9/2016;Moc concept;216;266
5/9/2016;6/9/2016;Moc concept;270;320
6/9/2016;7/9/2016;Moc concept;324;374
7/9/2016;8/9/2016;Moc concept;378;428
8/9/2016;9/9/2016;Moc concept;432;482
9/9/2016;10/9/2016;Moc concept;0;536
10/9/2016;11/9/2016;Moc concept;-540;590
11/9/2016;12/9/2016;Moc concept;-594;644
12/9/2016;13/9/2016;Moc concept;-648;698
13/9/2016;14/9/2016;Moc concept;-702;752
14/9/2016;15/9/2016;Moc concept;-756;806
15/9/2016;16/9/2016;Moc concept;-810;860
16/9/2016;17/9/2016;Moc concept;-864;914
17/9/2016;18/9/2016;Moc concept;-918;968
18/9/2016;19/9/2016;Moc concept;-972;1022
19/9/2016;20/9/2016;Moc concept;-1026;1076
1/10/2016;2/10/2016;Moc concept;60;110
2/10/2016;3/10/2016;Moc concept;120;170
3/10/2016;4/10/2016;Moc concept;180;230
4/10/2016;5/10/2016;Moc concept;240;290
5/10/2016;6/10/2016;Moc concept;300;350
6/10/2016;7/10/2016;Moc concept;360;410
7/10/2016;8/10/2016;Moc concept;420;470
8/10/2016;9/10/2016;Moc concept;480;530
9/10/2016;10/10/2016;Moc concept;540;590
10/10/2016;11/10/2016;Moc concept;0;650
11/10/2016;12/10/2016;Moc concept;-660;710
12/10/2016;13/10/2016;Moc concept;-720;770
13/10/2016;14/10/2016;Moc concept;-780;830
14/10/2016;15/10/2016;Moc concept;-840;890
15/10/2016;16/10/2016;Moc concept;-900;950
16/10/2016;17/10/2016;Moc concept;-960;1010
17/10/2016;18/10/2016;Moc concept;-1020;1070
18/10/2016;19/10/2016;Moc concept;-1080;1130
19/10/2016;20/10/2016;Moc concept;-1140;1190
1/11/2016;2/11/2016;Moc concept;66;116
2/11/2016;3/11/2016;Moc concept;132;182
3/11/2016;4/11/2016;Moc concept;198;248
4/11/2016;5/11/2016;Moc concept;264;314
5/11/2016;6/11/2016;Moc concept;330;380
6/11/2016;7/11/2016;Moc concept;396;446
7/11/2016;8/11/2016;Moc concept;462;512
8/11/2016;9/11/2016;Moc concept;528;578
9/11/2016;10/11/2016;Moc concept;594;644
10/11/2016;11/11/2016;Moc concept;660;710
11/11/2016;12/11/2016;Moc concept;0;776
12/11/2016;13/11/2016;Moc concept;-792;842
13/11/2016;14/11/2016;Moc concept;-858;908
14/11/2016;15/11/2016;Moc concept;-924;974
15/11/2016;16/11/2016;Moc concept;-990;1040
16/11/2016;17/11/2016;Moc concept;-1056;1106
17/11/2016;18/11/2016;Moc concept;-1122;1172
18/11/2016;19/11/2016;Moc concept;-1188;1238
19/11/2016;20/11/2016;Moc concept;-1254;1304
1/1/2017;2/1/2017;Moc concept;0;57
2/1/2017;3/1/2017;Moc concept;-14;64
3/1/2017;4/1/2017;Moc concept;-21;71
4/1/2017;5/1/2017;Moc concept;-28;78
5/1/2017;6/1/2017;Moc concept;-35;85
6/1/2017;7/1/2017;Moc concept;-42;92
7/1/2017;8/1/2017;Moc concept;-49;99
8/1/2017;9/1/2017;Moc concept;-56;106
9/1/2017;10/1/2017;Moc concept;-63;113
10/1/2017;11/1/2017;Moc concept;-70;120
11/1/2017;12/1/2017;Moc concept;-77;127
12/1/2017;13/1/2017;Moc concept;-84;134
13/1/2017;14/1/2017;Moc concept;-91;141
14/1/2017;15/1/2017;Moc concept;-98;148
15/1/2017;16/1/2017;Moc concept;-105;155
16/1/2017;17/1/2017;Moc concept;-112;162
17/1/2017;18/1/2017;Moc concept;-119;169
18/1/2017;19/1/2017;Moc concept;-126;176
19/1/2017;20/1/2017;Moc concept;-133;183
1/2/2017;2/2/2017;Moc concept;14;64
2/2/2017;3/2/2017;Moc concept;0;78
3/2/2017;4/2/2017;Moc concept;-42;92
4/2/2017;5/2/2017;Moc concept;-56;106
5/2/2017;6/2/2017;Moc concept;-70;120
6/2/2017;7/2/2017;Moc concept;-84;134
7/2/2017;8/2/2017;Moc concept;-98;148
8/2/2017;9/2/2017;Moc concept;-112;162
9/2/2017;10/2/2017;Moc concept;-126;176
10/2/2017;11/2/2017;Moc concept;-140;190
11/2/2017;12/2/2017;Moc concept;-154;204
12/2/2017;13/2/2017;Moc concept;-168;218
13/2/2017;14/2/2017;Moc concept;-182;232
14/2/2017;15/2/2017;Moc concept;-196;246
15/2/2017;16/2/2017;Moc concept;-210;260
16/2/2017;17/2/2017;Moc concept;-224;274
17/2/2017;18/2/2017;Moc concept;-238;288
18/2/2017;19/2/2017;Moc concept;-252;302
19/2/2017;20/2/2017;Moc concept;-266;316
1/3/2017;2/3/2017;Moc concept;21;71
2/3/2017;3/3/2017;Moc concept;42;92
3/3/2017;4/3/2017;Moc concept;0;113
4/3/2017;5/3/2017;Moc concept;-84;134
5/3/2017;6/3/2017;Moc concept;-105;155
6/3/2017;7/3/2017;Moc concept;-126;176
7/3/2017;8/3/2017;Moc concept;-147;197
8/3/2017;9/3/2017;Moc concept;-168;218
9/3/2017;10/3/2017;Moc concept;-189;239
10/3/2017;11/3/2017;Moc concept;-210;260
11/3/2017;12/3/2017;Moc concept;-231;281
12/3/2017;13/3/2017;Moc concept;-252;302
13/3/2017;14/3/2017;Moc concept;-273;323
14/3/2017;15/3/2017;Moc concept;-294;344
15/3/2017;16/3/2017;Moc concept;-315;365
16/3/2017;17/3/2017;Moc concept;-336;386
17/3/2017;18/3/2017;Moc concept;-357;407
18/3/2017;19/3/2017;Moc concept;-378;428
19/3/2017;20/3/2017;Moc concept;-399;449
1/4/2017;2/4/2017;Moc concept;28;78
2/4/2017;3/4/2017;Moc concept;56;106
3/4/2017;4/4/2017;Moc concept;84;134
4/4/2017;5/4/2017;Moc concept;0;162
5/4/2017;6/4/2017;Moc concept;-140;190
6/4/2017;7/4/2017;Moc concept;-168;218
7/4/2017;8/4/2017;Moc concept;-196;246
8/4/2017;9/4/2017;Moc concept;-224;274
9/4/2017;10/4/2017;Moc concept;-252;302
10/4/2017;11/4/2017;Moc concept;-280;330
11/4/2017;12/4/2017;Moc concept;-308;358
12/4/2017;13/4/2017;Moc concept;-336;386
13/4/2017;14/4/2017;Moc concept;-364;414
14/4/2017;15/4/2017;Moc concept;-392;442
15/4/2017;16/4/2017;Moc concept;-420;470
16/4/2017;17/4/2017;Moc concept;-448;498
17/4/2017;18/4/2017;Moc concept;-476;526
18/4/2017;19/4/2017;Moc concept;-504;554
19/4/2017;20/4/2017;Moc concept;-532;582
1/5/2017;2/5/2017;Moc concept;35;85
2/5/2017;3/5/2017;Moc concept;70;120
3/5/2017;4/5/2017;Moc concept;105;155
4/5/2017;5/5/2017;Moc concept;140;190
5/5/2017;6/5/2017;Moc concept;0;225
6/5/2017;7/5/2017;Moc concept;-210;260
7/5/2017;8/5/2017;Moc concept;-245;295
8/5/2017;9/5/2017;Moc concept;-280;330
9/5/2017;10/5/2017;Moc concept;-315;365
10/5/2017;11/5/2017;Moc concept;-350;400
11/5/2017;12/5/2017;Moc concept;-385;435
12/5/2017;13/5/2017;Moc concept;-420;470
13/5/2017;14/5/2017;Moc concept;-455;505
14/5/2017;15/5/2017;Moc concept;-490;540
15/5/2017;16/5/2017;Moc concept;-525;575
16/5/2017;17/5/2017;Moc concept;-560;610
17/5/2017;18/5/2017;Moc concept;-595;645
18/5/2017;19/5/2017;Moc concept;-630;680
19/5/2017;20/5/2017;Moc concept;-665;715
1/6/2017;2/6/2017;Moc concept;42;92
2/6/2017;3/6/2017;Moc concept;84;134
3/6/2017;4/6/2017;Moc concept;126;176
4/6/2017;5/6/2017;Moc concept;168;218
5/6/2017;6/6/2017;Moc concept;210;260
6/6/2017;7/6/2017;Moc concept;0;302
7/6/2017;8/6/2017;Moc concept;-294;344
8/6/2017;9/6/2017;Moc concept;-336;386
9/6/2017;10/6/2017;Moc concept;-378;428
10/6/2017;11/6/2017;Moc concept;-420;470
11/6/2017;12/6/2017;Moc concept;-462;512
12/6/2017;13/6/2017;Moc concept;-504;554
13/6/2017;14/6/2017;Moc concept;-546;596
14/6/2017;15/6/2017;Moc concept;-588;638
15/6/2017;16/6/2017;Moc concept;-630;680
16/6/2017;17/6/2017;Moc concept;-672;722
17/6/2017;18/6/2017;Moc concept;-714;764
18/6/2017;19/6/2017;Moc concept;-756;806
19/6/2017;20/6/2017;Moc concept;-798;848
1/7/2017;2/7/2017;Moc concept;49;99
2/7/2017;3/7/2017;Moc concept;98;148
3/7/2017;4/7/2017;Moc concept;147;197
4/7/2017;5/7/2017;Moc concept;196;246
5/7/2017;6/7/2017;Moc concept;245;295
6/7/2017;7/7/2017;Moc concept;294;344
7/7/2017;8/7/2017;Moc concept;0;393
8/7/2017;9/7/2017;Moc concept;-392;442
9/7/2017;10/7/2017;Moc concept;-441;491
10/7/2017;11/7/2017;Moc concept;-490;540
11/7/2017;12/7/2017;Moc concept;-539;589
12/7/2017;13/7/2017;Moc concept;-588;638
13/7/2017;14/7/2017;Moc concept;-637;687
14/7/2017;15/7/2017;Moc concept;-686;736
15/7/2017;16/7/2017;Moc concept;-735;785
16/7/2017;17/7/2017;Moc concept;-784;834
17/7/2017;18/7/2017;Moc concept;-833;883
18/7/2017;19/7/2017;Moc concept;-882;932
19/7/2017;20/7/2017;Moc concept;-931;981
1/8/2017;2/8/2017;Moc concept;56;106
2/8/2017;3/8/2017;Moc concept;112;162
3/8/2017;4/8/2017;Moc concept;168;218
4/8/2017;5/8/2017;Moc concept;224;274
5/8/2017;6/8/2017;Moc concept;280;330
6/8/2017;7/8/2017;Moc concept;336;386
7/8/2017;8/8/2017;Moc concept;392;442
8/8/2017;9/8/2017;Moc concept;0;498
9/8/2017;10/8/2017;Moc concept;-504;554
10/8/2017;11/8/2017;Moc concept;-560;610
11/8/2017;12/8/2017;Moc concept;-616;666
12/8/2017;13/8/2017;Moc concept;-672;722
13/8/2017;14/8/2017;Moc concept;-728;778
14/8/2017;15/8/2017;Moc concept;-784;834
15/8/2017;16/8/2017;Moc concept;-840;890
16/8/2017;17/8/2017;Moc concept;-896;946
17/8/2017;18/8/2017;Moc concept;-952;1002
18/8/2017;19/8/2017;Moc concept;-1008;1058
19/8/2017;20/8/2017;Moc concept;-1064;1114
1/9/2017;2/9/2017;Moc concept;63;113
2/9/2017;3/9/2017;Moc concept;126;176
3/9/2017;4/9/2017;Moc concept;189;239
4/9/2017;5/9/2017;Moc concept;252;302
5/9/2017;6/9/2017;Moc concept;315;365
6/9/2017;7/9/2017;Moc concept;378;428
7/9/2017;8/9/2017;Moc concept;441;491
8/9/2017;9/9/2017;Moc concept;504;554
9/9/2017;10/9/2017;Moc concept;0;617
10/9/2017;11/9/2017;Moc concept;-630;680
11/9/2017;12/9/2017;Moc concept;-693;743
12/9/2017;13/9/2017;Moc concept;-756;806
13/9/2017;14/9/2017;Moc concept;-819;869
14/9/2017;15/9/2017;Moc concept;-882;932
15/9/2017;16/9/2017;Moc concept;-945;995
16/9/2017;17/9/2017;Moc concept;-1008;1058
17/9/2017;18/9/2017;Moc concept;-1071;1121
18/9/2017;19/9/2017;Moc concept;-1134;1184
19/9/2017;20/9/2017;Moc concept;-1197;1247
1/10/2017;2/10/2017;Moc concept;70;120
2/10/2017;3/10/2017;Moc concept;140;190
3/10/2017;4/10/2017;Moc concept;210;260
4/10/2017;5/10/2017;Moc concept;280;330
5/10/2017;6/10/2017;Moc concept;350;400
6/10/2017;7/10/2017;Moc concept;420;470
7/10/2017;8/10/2017;Moc concept;490;540
8/10/2017;9/10/2017;Moc concept;560;610
9/10/2017;10/10/2017;Moc concept;630;680
10/10/2017;11/10/2017;Moc concept;0;750
11/10/2017;12/10/2017;Moc concept;-770;820
12/10/2017;13/10/2017;Moc concept;-840;890
13/10/2017;14/10/2017;Moc concept;-910;960
14/10/2017;15/10/2017;Moc concept;-980;1030
15/10/2017;16/10/2017;Moc concept;-1050;1100
16/10/2017;17/10/2017;Moc concept;-1120;1170
17/10/2017;18/10/2017;Moc concept;-1190;1240
18/10/2017;19/10/2017;Moc concept;-1260;1310
19/10/2017;20/10/2017;Moc concept;-1330;1380
1/11/2017;2/11/2017;Moc concept;77;127
2/11/2017;3/11/2017;Moc concept;154;204
3/11/2017;4/11/2017;Moc concept;231;281
4/11/2017;5/11/2017;Moc concept;308;358
5/11/2017;6/11/2017;Moc concept;385;435
6/11/2017;7/11/2017;Moc concept;462;512
7/11/2017;8/11/2017;Moc concept;539;589
8/11/2017;9/11/2017;Moc concept;616;666
9/11/2017;10/11/2017;Moc concept;693;743
10/11/2017;11/11/2017;Moc concept;770;820
11/11/2017;12/11/2017;Moc concept;0;897
12/11/2017;13/11/2017;Moc concept;-924;974
13/11/2017;14/11/2017;Moc concept;-1001;1051
14/11/2017;15/11/2017;Moc concept;-1078;1128
15/11/2017;16/11/2017;Moc concept;-1155;1205
16/11/2017;17/11/2017;Moc concept;-1232;1282
17/11/2017;18/11/2017;Moc concept;-1309;1359
18/11/2017;19/11/2017;Moc concept;-1386;1436
19/11/2017;20/11/2017;Moc concept;-1463;1513
1/1/2018;2/1/2018;Moc concept;0;58
2/1/2018;3/1/2018;Moc concept;-16;66
3/1/2018;4/1/2018;Moc concept;-24;74
4/1/2018;5/1/2018;Moc concept;-32;82
5/1/2018;6/1/2018;Moc concept;-40;90
6/1/2018;7/1/2018;Moc concept;-48;98
7/1/2018;8/1/2018;Moc concept;-56;106
8/1/2018;9/1/2018;Moc concept;-64;114
9/1/2018;10/1/2018;Moc concept;-72;122
10/1/2018;11/1/2018;Moc concept;-80;130
11/1/2018;12/1/2018;Moc concept;-88;138
12/1/2018;13/1/2018;Moc concept;-96;146
13/1/2018;14/1/2018;Moc concept;-104;154
14/1/2018;15/1/2018;Moc concept;-112;162
15/1/2018;16/1/2018;Moc concept;-120;170
16/1/2018;17/1/2018;Moc concept;-128;178
17/1/2018;18/1/2018;Moc concept;-136;186
18/1/2018;19/1/2018;Moc concept;-144;194
19/1/2018;20/1/2018;Moc concept;-152;202
1/2/2018;2/2/2018;Moc concept;16;66
2/2/2018;3/2/2018;Moc concept;0;82
3/2/2018;4/2/2018;Moc concept;-48;98
4/2/2018;5/2/2018;Moc concept;-64;114
5/2/2018;6/2/2018;Moc concept;-80;130
6/2/2018;7/2/2018;Moc concept;-96;146
7/2/2018;8/2/2018;Moc concept;-112;162
8/2/2018;9/2/2018;Moc concept;-128;178
9/2/2018;10/2/2018;Moc concept;-144;194
10/2/2018;11/2/2018;Moc concept;-160;210
11/2/2018;12/2/2018;Moc concept;-176;226
12/2/2018;13/2/2018;Moc concept;-192;242
13/2/2018;14/2/2018;Moc concept;-208;258
14/2/2018;15/2/2018;Moc concept;-224;274
15/2/2018;16/2/2018;Moc concept;-240;290
16/2/2018;17/2/2018;Moc concept;-256;306
17/2/2018;18/2/2018;Moc concept;-272;322
18/2/2018;19/2/2018;Moc concept;-288;338
19/2/2018;20/2/2018;Moc concept;-304;354
1/3/2018;2/3/2018;Moc concept;24;74
2/3/2018;3/3/2018;Moc concept;48;98
3/3/2018;4/3/2018;Moc concept;0;122
4/3/2018;5/3/2018;Moc concept;-96;146
5/3/2018;6/3/2018;Moc concept;-120;170
6/3/2018;7/3/2018;Moc concept;-144;194
7/3/2018;8/3/2018;Moc concept;-168;218
8/3/2018;9/3/2018;Moc concept;-192;242
9/3/2018;10/3/2018;Moc concept;-216;266
10/3/2018;11/3/2018;Moc concept;-240;290
11/3/2018;12/3/2018;Moc concept;-264;314
12/3/2018;13/3/2018;Moc concept;-288;338
13/3/2018;14/3/2018;Moc concept;-312;362
14/3/2018;15/3/2018;Moc concept;-336;386
15/3/2018;16/3/2018;Moc concept;-360;410
16/3/2018;17/3/2018;Moc concept;-384;434
17/3/2018;18/3/2018;Moc concept;-408;458
18/3/2018;19/3/2018;Moc concept;-432;482
19/3/2018;20/3/2018;Moc concept;-456;506
1/4/2018;2/4/2018;Moc concept;32;82
2/4/2018;3/4/2018;Moc concept;64;114
3/4/2018;4/4/2018;Moc concept;96;146
4/4/2018;5/4/2018;Moc concept;0;178
5/4/2018;6/4/2018;Moc concept;-160;210
6/4/2018;7/4/2018;Moc concept;-192;242
7/4/2018;8/4/2018;Moc concept;-224;274
8/4/2018;9/4/2018;Moc concept;-256;306
9/4/2018;10/4/2018;Moc concept;-288;338
10/4/2018;11/4/2018;Moc concept;-320;370
11/4/2018;12/4/2018;Moc concept;-352;402
12/4/2018;13/4/2018;Moc concept;-384;434
13/4/2018;14/4/2018;Moc concept;-416;466
14/4/2018;15/4/2018;Moc concept;-448;498
15/4/2018;16/4/2018;Moc concept;-480;530
16/4/2018;17/4/2018;Moc concept;-512;562
17/4/2018;18/4/2018;Moc concept;-544;594
18/4/2018;19/4/2018;Moc concept;-576;626
19/4/2018;20/4/2018;Moc concept;-608;658
1/5/2018;2/5/2018;Moc concept;40;90
2/5/2018;3/5/2018;Moc concept;80;130
3/5/2018;4/5/2018;Moc concept;120;170
4/5/2018;5/5/2018;Moc concept;160;210
5/5/2018;6/5/2018;Moc concept;0;250
6/5/2018;7/5/2018;Moc concept;-240;290
7/5/2018;8/5/2018;Moc concept;-280;330
8/5/2018;9/5/2018;Moc concept;-320;370
9/5/2018;10/5/2018;Moc concept;-360;410
10/5/2018;11/5/2018;Moc concept;-400;450
11/5/2018;12/5/2018;Moc concept;-440;490
12/5/2018;13/5/2018;Moc concept;-480;530
13/5/2018;14/5/2018;Moc concept;-520;570
14/5/2018;15/5/2018;Moc concept;-560;610
15/5/2018;16/5/2018;Moc concept;-600;650
16/5/2018;17/5/2018;Moc concept;-640;690
17/5/2018;18/5/2018;Moc concept;-680;730
18/5/2018;19/5/2018;Moc concept;-720;770
19/5/2018;20/5/2018;Moc concept;-760;810
1/6/2018;2/6/2018;Moc concept;48;98
2/6/2018;3/6/2018;Moc concept;96;146
3/6/2018;4/6/2018;Moc concept;144;194
4/6/2018;5/6/2018;Moc concept;192;242
5/6/2018;6/6/2018;Moc concept;240;290
6/6/2018;7/6/2018;Moc concept;0;338
7/6/2018;8/6/2018;Moc concept;-336;386
8/6/2018;9/6/2018;Moc concept;-384;434
9/6/2018;10/6/2018;Moc concept;-432;482
10/6/2018;11/6/2018;Moc concept;-480;530
11/6/2018;12/6/2018;Moc concept;-528;578
12/6/2018;13/6/2018;Moc concept;-576;626
13/6/2018;14/6/2018;Moc concept;-624;674
14/6/2018;15/6/2018;Moc concept;-672;722
15/6/2018;16/6/2018;Moc concept;-720;770
16/6/2018;17/6/2018;Moc concept;-768;818
17/6/2018;18/6/2018;Moc concept;-816;866
18/6/2018;19/6/2018;Moc concept;-864;914
19/6/2018;20/6/2018;Moc concept;-912;962
1/7/2018;2/7/2018;Moc concept;56;106
2/7/2018;3/7/2018;Moc concept;112;162
3/7/2018;4/7/2018;Moc concept;168;218
4/7/2018;5/7/2018;Moc concept;224;274
5/7/2018;6/7/2018;Moc concept;280;330
6/7/2018;7/7/2018;Moc concept;336;386
7/7/2018;8/7/2018;Moc concept;0;442
8/7/2018;9/7/2018;Moc concept;-448;498
9/7/2018;10/7/2018;Moc concept;-504;554
10/7/2018;11/7/2018;Moc concept;-560;610
11/7/2018;12/7/2018;Moc concept;-616;666
12/7/2018;13/7/2018;Moc concept;-672;722
13/7/2018;14/7/2018;Moc concept;-728;778
14/7/2018;15/7/2018;Moc concept;-784;834
15/7/2018;16/7/2018;Moc concept;-840;890
16/7/2018;17/7/2018;Moc concept;-896;946
17/7/2018;18/7/2018;Moc concept;-952;1002
18/7/2018;19/7/2018;Moc concept;-1008;1058
19/7/2018;20/7/2018;Moc concept;-1064;1114
1/8/2018;2/8/2018;Moc concept;64;114
2/8/2018;3/8/2018;Moc concept;128;178
3/8/2018;4/8/2018;Moc concept;192;242
4/8/2018;5/8/2018;Moc concept;256;306
5/8/2018;6/8/2018;Moc concept;320;370
6/8/2018;7/8/2018;Moc concept;384;434
7/8/2018;8/8/2018;Moc concept;448;498
8/8/2018;9/8/2018;Moc concept;0;562
9/8/2018;10/8/2018;Moc concept;-576;626
10/8/2018;11/8/2018;Moc concept;-640;690
11/8/2018;12/8/2018;Moc concept;-704;754
12/8/2018;13/8/2018;Moc concept;-768;818
13/8/2018;14/8/2018;Moc concept;-832;882
14/8/2018;15/8/2018;Moc concept;-896;946
15/8/2018;16/8/2018;Moc concept;-960;1010
16/8/2018;17/8/2018;Moc concept;-1024;1074
17/8/2018;18/8/2018;Moc concept;-1088;1138
18/8/2018;19/8/2018;Moc concept;-1152;1202
19/8/2018;20/8/2018;Moc concept;-1216;1266
1/9/2018;2/9/2018;Moc concept;72;122
2/9/2018;3/9/2018;Moc concept;144;194
3/9/2018;4/9/2018;Moc concept;216;266
4/9/2018;5/9/2018;Moc concept;288;338
5/9/2018;6/9/2018;Moc concept;360;410
6/9/2018;7/9/2018;Moc concept;432;482
7/9/2018;8/9/2018;Moc concept;504;554
8/9/2018;9/9/2018;Moc concept;576;626
9/9/2018;10/9/2018;Moc concept;0;698
10/9/2018;11/9/2018;Moc concept;-720;770
11/9/2018;12/9/2018;Moc concept;-792;842
12/9/2018;13/9/2018;Moc concept;-864;914
13/9/2018;14/9/2018;Moc concept;-936;986
14/9/2018;15/9/2018;Moc concept;-1008;1058
15/9/2018;16/9/2018;Moc concept;-1080;1130
16/9/2018;17/9/2018;Moc concept;-1152;1202
17/9/2018;18/9/2018;Moc concept;-1224;1274
18/9/2018;19/9/2018;Moc concept;-1296;1346
19/9/2018;20/9/2018;Moc concept;-1368;1418
1/10/2018;2/10/2018;Moc concept;80;130
2/10/2018;3/10/2018;Moc concept;160;210
3/10/2018;4/10/2018;Moc concept;240;290
4/10/2018;5/10/2018;Moc concept;320;370
5/10/2018;6/10/2018;Moc concept;400;450
6/10/2018;7/10/2018;Moc concept;480;530
7/10/2018;8/10/2018;Moc concept;560;610
8/10/2018;9/10/2018;Moc concept;640;690
9/10/2018;10/10/2018;Moc concept;720;770
10/10/2018;11/10/2018;Moc concept;0;850
11/10/2018;12/10/2018;Moc concept;-880;930
12/10/2018;13/10/2018;Moc concept;-960;1010
13/10/2018;14/10/2018;Moc concept;-1040;1090
14/10/2018;15/10/2018;Moc concept;-1120;1170
15/10/2018;16/10/2018;Moc concept;-1200;1250
16/10/2018;17/10/2018;Moc concept;-1280;1330
17/10/2018;18/10/2018;Moc concept;-1360;1410
18/10/2018;19/10/2018;Moc concept;-1440;1490
19/10/2018;20/10/2018;Moc concept;-1520;1570
1/11/2018;2/11/2018;Moc concept;88;138
2/11/2018;3/11/2018;Moc concept;176;226
3/11/2018;4/11/2018;Moc concept;264;314
4/11/2018;5/11/2018;Moc concept;352;402
5/11/2018;6/11/2018;Moc concept;440;490
6/11/2018;7/11/2018;Moc concept;528;578
7/11/2018;8/11/2018;Moc concept;616;666
8/11/2018;9/11/2018;Moc concept;704;754
9/11/2018;10/11/2018;Moc concept;792;842
10/11/2018;11/11/2018;Moc concept;880;930
11/11/2018;12/11/2018;Moc concept;0;1018
12/11/2018;13/11/2018;Moc concept;-1056;1106
13/11/2018;14/11/2018;Moc concept;-1144;1194
14/11/2018;15/11/2018;Moc concept;-1232;1282
15/11/2018;16/11/2018;Moc concept;-1320;1370
16/11/2018;17/11/2018;Moc concept;-1408;1458
17/11/2018;18/11/2018;Moc concept;-1496;1546
18/11/2018;19/11/2018;Moc concept;-1584;1634
19/11/2018;20/11/2018;Moc concept;-1672;1722
1/1/2019;2/1/2019;Moc concept;0;59
2/1/2019;3/1/2019;Moc concept;-18;68
3/1/2019;4/1/2019;Moc concept;-27;77
4/1/2019;5/1/2019;Moc concept;-36;86
5/1/2019;6/1/2019;Moc concept;-45;95
6/1/2019;7/1/2019;Moc concept;-54;104
7/1/2019;8/1/2019;Moc concept;-63;113
8/1/2019;9/1/2019;Moc concept;-72;122
9/1/2019;10/1/2019;Moc concept;-81;131
10/1/2019;11/1/2019;Moc concept;-90;140
11/1/2019;12/1/2019;Moc concept;-99;149
12/1/2019;13/1/2019;Moc concept;-108;158
13/1/2019;14/1/2019;Moc concept;-117;167
14/1/2019;15/1/2019;Moc concept;-126;176
15/1/2019;16/1/2019;Moc concept;-135;185
16/1/2019;17/1/2019;Moc concept;-144;194
17/1/2019;18/1/2019;Moc concept;-153;203
18/1/2019;19/1/2019;Moc concept;-162;212
19/1/2019;20/1/2019;Moc concept;-171;221
1/2/2019;2/2/2019;Moc concept;18;68
2/2/2019;3/2/2019;Moc concept;0;86
3/2/2019;4/2/2019;Moc concept;-54;104
4/2/2019;5/2/2019;Moc concept;-72;122
5/2/2019;6/2/2019;Moc concept;-90;140
6/2/2019;7/2/2019;Moc concept;-108;158
7/2/2019;8/2/2019;Moc concept;-126;176
8/2/2019;9/2/2019;Moc concept;-144;194
9/2/2019;10/2/2019;Moc concept;-162;212
10/2/2019;11/2/2019;Moc concept;-180;230
11/2/2019;12/2/2019;Moc concept;-198;248
12/2/2019;13/2/2019;Moc concept;-216;266
13/2/2019;14/2/2019;Moc concept;-234;284
14/2/2019;15/2/2019;Moc concept;-252;302
15/2/2019;16/2/2019;Moc concept;-270;320
16/2/2019;17/2/2019;Moc concept;-288;338
17/2/2019;18/2/2019;Moc concept;-306;356
18/2/2019;19/2/2019;Moc concept;-324;374
19/2/2019;20/2/2019;Moc concept;-342;392
1/3/2019;2/3/2019;Moc concept;27;77
2/3/2019;3/3/2019;Moc concept;54;104
3/3/2019;4/3/2019;Moc concept;0;131
4/3/2019;5/3/2019;Moc concept;-108;158
5/3/2019;6/3/2019;Moc concept;-135;185
6/3/2019;7/3/2019;Moc concept;-162;212
7/3/2019;8/3/2019;Moc concept;-189;239
8/3/2019;9/3/2019;Moc concept;-216;266
9/3/2019;10/3/2019;Moc concept;-243;293
10/3/2019;11/3/2019;Moc concept;-270;320
11/3/2019;12/3/2019;Moc concept;-297;347
12/3/2019;13/3/2019;Moc concept;-324;374
13/3/2019;14/3/2019;Moc concept;-351;401
14/3/2019;15/3/2019;Moc concept;-378;428
15/3/2019;16/3/2019;Moc concept;-405;455
16/3/2019;17/3/2019;Moc concept;-432;482
17/3/2019;18/3/2019;Moc concept;-459;509
18/3/2019;19/3/2019;Moc concept;-486;536
19/3/2019;20/3/2019;Moc concept;-513;563
1/4/2019;2/4/2019;Moc concept;36;86
2/4/2019;3/4/2019;Moc concept;72;122
3/4/2019;4/4/2019;Moc concept;108;158
4/4/2019;5/4/2019;Moc concept;0;194
5/4/2019;6/4/2019;Moc concept;-180;230
6/4/2019;7/4/2019;Moc concept;-216;266
7/4/2019;8/4/2019;Moc concept;-252;302
8/4/2019;9/4/2019;Moc concept;-288;338
9/4/2019;10/4/2019;Moc concept;-324;374
10/4/2019;11/4/2019;Moc concept;-360;410
11/4/2019;12/4/2019;Moc concept;-396;446
12/4/2019;13/4/2019;Moc concept;-432;482
13/4/2019;14/4/2019;Moc concept;-468;518
14/4/2019;15/4/2019;Moc concept;-504;554
15/4/2019;16/4/2019;Moc concept;-540;590
16/4/2019;17/4/2019;Moc concept;-576;626
17/4/2019;18/4/2019;Moc concept;-612;662
18/4/2019;19/4/2019;Moc concept;-648;698
19/4/2019;20/4/2019;Moc concept;-684;734
1/5/2019;2/5/2019;Moc concept;45;95
2/5/2019;3/5/2019;Moc concept;90;140
3/5/2019;4/5/2019;Moc concept;135;185
4/5/2019;5/5/2019;Moc concept;180;230
5/5/2019;6/5/2019;Moc concept;0;275
6/5/2019;7/5/2019;Moc concept;-270;320
7/5/2019;8/5/2019;Moc concept;-315;365
8/5/2019;9/5/2019;Moc concept;-360;410
9/5/2019;10/5/2019;Moc concept;-405;455
10/5/2019;11/5/2019;Moc concept;-450;500
11/5/2019;12/5/2019;Moc concept;-495;545
12/5/2019;13/5/2019;Moc concept;-540;590
13/5/2019;14/5/2019;Moc concept;-585;635
14/5/2019;15/5/2019;Moc concept;-630;680
15/5/2019;16/5/2019;Moc concept;-675;725
16/5/2019;17/5/2019;Moc concept;-720;770
17/5/2019;18/5/2019;Moc concept;-765;815
18/5/2019;19/5/2019;Moc concept;-810;860
19/5/2019;20/5/2019;Moc concept;-855;905
1/6/2019;2/6/2019;Moc concept;54;104
2/6/2019;3/6/2019;Moc concept;108;158
3/6/2019;4/6/2019;Moc concept;162;212
4/6/2019;5/6/2019;Moc concept;216;266
5/6/2019;6/6/2019;Moc concept;270;320
6/6/2019;7/6/2019;Moc concept;0;374
7/6/2019;8/6/2019;Moc concept;-378;428
8/6/2019;9/6/2019;Moc concept;-432;482
9/6/2019;10/6/2019;Moc concept;-486;536
10/6/2019;11/6/2019;Moc concept;-540;590
11/6/2019;12/6/2019;Moc concept;-594;644
12/6/2019;13/6/2019;Moc concept;-648;698
13/6/2019;14/6/2019;Moc concept;-702;752
14/6/2019;15/6/2019;Moc concept;-756;806
15/6/2019;16/6/2019;Moc concept;-810;860
16/6/2019;17/6/2019;Moc concept;-864;914
17/6/2019;18/6/2019;Moc concept;-918;968
18/6/2019;19/6/2019;Moc concept;-972;1022
19/6/2019;20/6/2019;Moc concept;-1026;1076
1/7/2019;2/7/2019;Moc concept;63;113
2/7/2019;3/7/2019;Moc concept;126;176
3/7/2019;4/7/2019;Moc concept;189;239
4/7/2019;5/7/2019;Moc concept;252;302
5/7/2019;6/7/2019;Moc concept;315;365
6/7/2019;7/7/2019;Moc concept;378;428
7/7/2019;8/7/2019;Moc concept;0;491
8/7/2019;9/7/2019;Moc concept;-504;554
9/7/2019;10/7/2019;Moc concept;-567;617
10/7/2019;11/7/2019;Moc concept;-630;680
11/7/2019;12/7/2019;Moc concept;-693;743
12/7/2019;13/7/2019;Moc concept;-756;806
13/7/2019;14/7/2019;Moc concept;-819;869
14/7/2019;15/7/2019;Moc concept;-882;932
15/7/2019;16/7/2019;Moc concept;-945;995
16/7/2019;17/7/2019;Moc concept;-1008;1058
17/7/2019;18/7/2019;Moc concept;-1071;1121
18/7/2019;19/7/2019;Moc concept;-1134;1184
19/7/2019;20/7/2019;Moc concept;-1197;1247
1/8/2019;2/8/2019;Moc concept;72;122
2/8/2019;3/8/2019;Moc concept;144;194
3/8/2019;4/8/2019;Moc concept;216;266
4/8/2019;5/8/2019;Moc concept;288;338
5/8/2019;6/8/2019;Moc concept;360;410
6/8/2019;7/8/2019;Moc concept;432;482
7/8/2019;8/8/2019;Moc concept;504;554
8/8/2019;9/8/2019;Moc concept;0;626
9/8/2019;10/8/2019;Moc concept;-648;698
10/8/2019;11/8/2019;Moc concept;-720;770
11/8/2019;12/8/2019;Moc concept;-792;842
12/8/2019;13/8/2019;Moc concept;-864;914
13/8/2019;14/8/2019;Moc concept;-936;986
14/8/2019;15/8/2019;Moc concept;-1008;1058
15/8/2019;16/8/2019;Moc concept;-1080;1130
16/8/2019;17/8/2019;Moc concept;-1152;1202
17/8/2019;18/8/2019;Moc concept;-1224;1274
18/8/2019;19/8/2019;Moc concept;-1296;1346
19/8/2019;20/8/2019;Moc concept;-1368;1418
1/9/2019;2/9/2019;Moc concept;81;131
2/9/2019;3/9/2019;Moc concept;162;212
3/9/2019;4/9/2019;Moc concept;243;293
4/9/2019;5/9/2019;Moc concept;324;374
5/9/2019;6/9/2019;Moc concept;405;455
6/9/2019;7/9/2019;Moc concept;486;536
7/9/2019;8/9/2019;Moc concept;567;617
8/9/2019;9/9/2019;Moc concept;648;698
9/9/2019;10/9/2019;Moc concept;0;779
10/9/2019;11/9/2019;Moc concept;-810;860
11/9/2019;12/9/2019;Moc concept;-891;941
12/9/2019;13/9/2019;Moc concept;-972;1022
13/9/2019;14/9/2019;Moc concept;-1053;1103
14/9/2019;15/9/2019;Moc concept;-1134;1184
15/9/2019;16/9/2019;Moc concept;-1215;1265
16/9/2019;17/9/2019;Moc concept;-1296;1346
17/9/2019;18/9/2019;Moc concept;-1377;1427
18/9/2019;19/9/2019;Moc concept;-1458;1508
19/9/2019;20/9/2019;Moc concept;-1539;1589
1/10/2019;2/10/2019;Moc concept;90;140
2/10/2019;3/10/2019;Moc concept;180;230
3/10/2019;4/10/2019;Moc concept;270;320
4/10/2019;5/10/2019;Moc concept;360;410
5/10/2019;6/10/2019;Moc concept;450;500
6/10/2019;7/10/2019;Moc concept;540;590
7/10/2019;8/10/2019;Moc concept;630;680
8/10/2019;9/10/2019;Moc concept;720;770
9/10/2019;10/10/2019;Moc concept;810;860
10/10/2019;11/10/2019;Moc concept;0;950
11/10/2019;12/10/2019;Moc concept;-990;1040
12/10/2019;13/10/2019;Moc concept;-1080;1130
13/10/2019;14/10/2019;Moc concept;-1170;1220
14/10/2019;15/10/2019;Moc concept;-1260;1310
15/10/2019;16/10/2019;Moc concept;-1350;1400
16/10/2019;17/10/2019;Moc concept;-1440;1490
17/10/2019;18/10/2019;Moc concept;-1530;1580
18/10/2019;19/10/2019;Moc concept;-1620;1670
19/10/2019;20/10/2019;Moc concept;-1710;1760
1/11/2019;2/11/2019;Moc concept;99;149
2/11/2019;3/11/2019;Moc concept;198;248
3/11/2019;4/11/2019;Moc concept;297;347
4/11/2019;5/11/2019;Moc concept;396;446
5/11/2019;6/11/2019;Moc concept;495;545
6/11/2019;7/11/2019;Moc concept;594;644
7/11/2019;8/11/2019;Moc concept;693;743
8/11/2019;9/11/2019;Moc concept;792;842
9/11/2019;10/11/2019;Moc concept;891;941
10/11/2019;11/11/2019;Moc concept;990;1040
11/11/2019;12/11/2019;Moc concept;0;1139
12/11/2019;13/11/2019;Moc concept;-1188;1238
13/11/2019;14/11/2019;Moc concept;-1287;1337
14/11/2019;15/11/2019;Moc concept;-1386;1436
15/11/2019;16/11/2019;Moc concept;-1485;1535
16/11/2019;17/11/2019;Moc concept;-1584;1634
17/11/2019;18/11/2019;Moc concept;-1683;1733
18/11/2019;19/11/2019;Moc concept;-1782;1832
19/11/2019;20/11/2019;Moc concept;-1881;1931
